Rujuk,Perkara,Klausa,Keterangan
ISO9001,pengurusan,0.1,"Penerimagunaan sistem pengurusan kualiti ialah suatu keputusan strategik untuk sesebuah
organisasi yang boleh membantu untuk meningkatkan prestasi secara menyeluruh dan
menyediakan asas yang kukuh bagi inisiatif pembangunan mampan."
ISO9001,prestasi,0.1,"Penerimagunaan sistem pengurusan kualiti ialah suatu keputusan strategik untuk sesebuah
organisasi yang boleh membantu untuk meningkatkan prestasi secara menyeluruh dan
menyediakan asas yang kukuh bagi inisiatif pembangunan mampan."
ISO9001,dasar,0.1,"Faedah yang mungkin kepada organisasi dalam melaksanakan sistem pengurusan kualiti
berdasarkan Standard Antarabangsa ini adalah:"
ISO9001,pengurusan,0.1,"Faedah yang mungkin kepada organisasi dalam melaksanakan sistem pengurusan kualiti
berdasarkan Standard Antarabangsa ini adalah:"
ISO9001,pelanggan,0.1,"a) keupayaan untuk menyediakan secara tekal produk dan perkhidmatan yang memenuhi
keperluan pelanggan, serta keperluan berkanun dan peraturan yang diguna pakai;"
ISO9001,pelanggan,0.1,"b) memudahkan peluang untuk meningkatkan kepuasan pelanggan;"
ISO9001,risiko,0.1,"c) menyatakan risiko dan peluang yang berkaitan dengan konteks dan matlamatnya;"
ISO9001,pengurusan,0.1,"d) keupayaan untuk menunjukkan keakuran terhadap keperluan sistem pengurusan kualiti
yang ditetapkan."
ISO9001,pengurusan,0.1,"- keseragaman dalam struktur sistem pengurusan kualiti yang berbeza;
- keselarasan pendokumenan dengan struktur klausa Standard Antarabangsa ini;
- penggunaan istilah khusus Standard Antarabangsa ini dalam organisasi."
ISO9001,pengurusan,0.1,"Keperluan sistem pengurusan kualiti yang dinyatakan dalam Standard Antarabangsa ini
merupakan pelengkap kepada keperluan untuk produk dan perkhidmatan."
ISO9001,risiko,0.1,"Standard Antarabangsa ini menggunakan pendekatan proses, yang menggabungkan kitaran
PDCA (Plan-Do-Check-Act - Rancang-Lakukan-Semak-Bertindak) dan pemikiran berasaskan
risiko."
ISO9001,penambahbaikan,0.1,"Kitaran PDCA membolehkan sesuatu organisasi memastikan yang prosesnya disumberkan
dan diuruskan secukupnya, dan peluang untuk penambahbaikan ditentukan dan diambil
tindakan."
ISO9001,pengurusan,0.2,"0.2 Prinsip pengurusan kualiti"
ISO9001,pengurusan,0.2,"Prinsip pengurusan kualiti adalah seperti yang berikut:"
ISO9001,pelanggan,0.2,"- fokus pelanggan;
- kepimpinan;"
ISO9001,penambahbaikan,0.2," penambahbaikan;"
ISO9001,pengurusan,0.2," pengurusan perhubungan."
ISO9001,pengurusan,0.3,"Pemakaian pendekatan proses dalam sistem pengurusan kualiti membolehkan:"
ISO9001,prestasi,0.3,"c) pencapaian prestasi proses yang berkesan;"
ISO9001,kesan,0.3,"c) pencapaian prestasi proses yang berkesan;"
ISO9001,dasar,0.3,"d) penambahbaikan proses berdasarkan penilaian data dan maklumat."
ISO9001,penambahbaikan,0.3,"d) penambahbaikan proses berdasarkan penilaian data dan maklumat."
ISO9001,kawalan,1,"Rajah 1 memberi gambaran skematik proses dan menunjukkan saling tindak unsurnya.
Pemantauan dan pengukuran titik semak, yang diperlukan untuk kawalan, adalah khusus
untuk setiap proses dan berubah, bergantung pada risiko yang berkaitan."
ISO9001,ukur,1,"Rajah 1 memberi gambaran skematik proses dan menunjukkan saling tindak unsurnya.
Pemantauan dan pengukuran titik semak, yang diperlukan untuk kawalan, adalah khusus
untuk setiap proses dan berubah, bergantung pada risiko yang berkaitan."
ISO9001,risiko,1,"Rajah 1 memberi gambaran skematik proses dan menunjukkan saling tindak unsurnya.
Pemantauan dan pengukuran titik semak, yang diperlukan untuk kawalan, adalah khusus
untuk setiap proses dan berubah, bergantung pada risiko yang berkaitan."
ISO9001,risiko,3,"
0.3. 3 Pemikiran berasaskan risiko"
ISO9001,pengurusan,0.4,"0.4 Hubungan dengan standard sistem pengurusan yang lain"
ISO9001,pengurusan,0.4,"Standard Antarabangsa ini menggunakan rangka kerja yang dibangunkan oleh ISO untuk
menambah baik keselarasan antara Standard Antarabangsa bagi sistem pengurusannya
(lihat Klausa A.1)."
ISO9001,pengurusan,0.4,"Standard Antarabangsa ini membolehkan sesuatu organisasi menggunakan pendekatan
proses, ditambah pula dengan kitaran PDCA dan pemikiran berasaskan risiko, untuk
menyelaraskan atau mengintegrasikan sistem pengurusan kualitinya dengan keperluan
standard sistem pengurusan yang lain."
ISO9001,risiko,0.4,"Standard Antarabangsa ini membolehkan sesuatu organisasi menggunakan pendekatan
proses, ditambah pula dengan kitaran PDCA dan pemikiran berasaskan risiko, untuk
menyelaraskan atau mengintegrasikan sistem pengurusan kualitinya dengan keperluan
standard sistem pengurusan yang lain."
ISO9001,pengurusan,0.4,"Lampiran B menyediakan perincian tentang Standard Antarabangsa pengurusan kualiti dan
sistem pengurusan kualiti lain yang telah dibangunkan oleh ISO/TC 176."
ISO9001,pengurusan,0.4,"Standard Antarabangsa ini tidak termasuk keperluan khusus untuk sistem pengurusan lain,
seperti pengurusan alam sekitar, pengurusan keselamatan dan kesihatan pekerjaan, atau
pengurusan kewangan."
ISO9001,pengurusan,0.4,"
Sistem pengurusan kualiti - Keperluan"
ISO9001,pengurusan,1,"Standard Antarabangsa ini menetapkan keperluan bagi satu sistem pengurusan kualiti
apabila sesuatu organisasi:"
ISO9001,pelanggan,1,"a) perlu menunjukkan keupayaannya menyediakan secara tekal produk dan perkhidmatan
yang memenuhi keperluan pelanggan serta keperluan berkanun dan peraturan yang
diguna pakai, dan"
ISO9001,pelanggan,1,"b) mempunyai tujuan untuk meningkatkan kepuasan pelanggan melalui pemakaian sistem
yang berkesan, termasuk proses penambahbaikan untuk sistem itu dan jaminan
keakuran terhadap keperluan pelanggan serta keperluan berkanun dan peraturan yang
diguna pakai."
ISO9001,penambahbaikan,1,"b) mempunyai tujuan untuk meningkatkan kepuasan pelanggan melalui pemakaian sistem
yang berkesan, termasuk proses penambahbaikan untuk sistem itu dan jaminan
keakuran terhadap keperluan pelanggan serta keperluan berkanun dan peraturan yang
diguna pakai."
ISO9001,kesan,1,"b) mempunyai tujuan untuk meningkatkan kepuasan pelanggan melalui pemakaian sistem
yang berkesan, termasuk proses penambahbaikan untuk sistem itu dan jaminan
keakuran terhadap keperluan pelanggan serta keperluan berkanun dan peraturan yang
diguna pakai."
ISO9001,pelanggan,1.,"NOTA 1. Dalam Standard Antarabangsa ini, istilah 'produk' atau 'perkhidmatan' hanya diguna pakai
kepada produk dan perkhidmatan yang dimaksudkan untuk, atau diperlukan oleh, pelanggan."
ISO9001,pengurusan,2,"MS ISO 9000 (BM), Sistem pengurusan kualiti - Asas dan kosa kata"
ISO9001,pengurusan,4.1,"Organisasi hendaklah menentukan isu luaran dan dalaman yang relevan dengan tujuan dan
haluan strategiknya serta yang memberi kesan kepada kebolehannya untuk mencapai hasil
yang dimaksudkan daripada sistem pengurusan kualitinya."
ISO9001,kesan,4.1,"Organisasi hendaklah menentukan isu luaran dan dalaman yang relevan dengan tujuan dan
haluan strategiknya serta yang memberi kesan kepada kebolehannya untuk mencapai hasil
yang dimaksudkan daripada sistem pengurusan kualitinya."
ISO9001,prestasi,3.,"NOTA 3. Memahami konteks dalaman boleh dipermudahkan dengan mempertimbangkan isu yang
berkaitan dengan nilai, budaya, pengetahuan dan prestasi organisasi."
ISO9001,pelanggan,4.2,"Disebabkan oleh kesan atau kesan yang mungkin wujud terhadap keupayaan organisasi
untuk menyediakan secara tekal produk dan perkhidmatan yang memenuhi keperluan
pelanggan, serta keperluan berkanun dan peraturan yang diguna pakai, organisasi hendaklah
menentukan:"
ISO9001,kesan,4.2,"Disebabkan oleh kesan atau kesan yang mungkin wujud terhadap keupayaan organisasi
untuk menyediakan secara tekal produk dan perkhidmatan yang memenuhi keperluan
pelanggan, serta keperluan berkanun dan peraturan yang diguna pakai, organisasi hendaklah
menentukan:"
ISO9001,pengurusan,4.2,"a) pihak yang berkepentingan yang relevan dengan sistem pengurusan kualiti;"
ISO9001,pengurusan,4.2,"b) keperluan pihak yang berkepentingan ini yang relevan dengan sistem pengurusan kualiti."
ISO9001,pengurusan,4.3,"4.3 Menentukan skop sistem pengurusan kualiti"
ISO9001,pengurusan,4.3,"Organisasi hendaklah menentukan sempadan dan kesesuaian sistem pengurusan kualiti
untuk mewujudkan skopnya."
ISO9001,pengurusan,4.3,"Organisasi hendaklah mengguna pakai semua keperluan Standard Antarabangsa ini jika ia
terpakai dalam skop yang ditetapkan dalam sistem pengurusan kualitinya."
ISO9001,tanggungjawab,4.3,"Keakuran terhadap Standard Antarabangsa ini hanya boleh diakui, jika keperluan ditentukan
sebagai tidak terpakai, tidak menjejaskan keupayaan atau tanggungjawab organisasi bagi
memastikan keakuran produk dan perkhidmatannya dan peningkatan kepuasan pelanggan."
ISO9001,pelanggan,4.3,"Keakuran terhadap Standard Antarabangsa ini hanya boleh diakui, jika keperluan ditentukan
sebagai tidak terpakai, tidak menjejaskan keupayaan atau tanggungjawab organisasi bagi
memastikan keakuran produk dan perkhidmatannya dan peningkatan kepuasan pelanggan."
ISO9001,pengurusan,4.4,"4.4 Sistem pengurusan kualiti dan prosesnya"
ISO9001,pengurusan,4.4.1,"4.4.1 Organisasi hendaklah mewujudkan, melaksanakan, menyelenggarakan dan 
menambah baik secara berterusan sistem pengurusan kualiti, termasuk proses yang
diperlukan dan saling tindaknya, selaras dengan keperluan Standard Antarabangsa ini."
ISO9001,pengurusan,4.4.1,"Organisasi hendaklah menentukan proses yang diperlukan untuk sistem pengurusan kualiti
dan pemakaiannya dalam seluruh organisasi, dan hendaklah:"
ISO9001,operasi,4.4.1,"c) menentukan dan mengguna pakai kriteria dan kaedah (termasuk pemantauan,
pengukuran dan petunjuk prestasi yang berkaitan) yang diperlukan bagi memastikan
keberkesanan operasi dan kawalan proses ini;"
ISO9001,kawalan,4.4.1,"c) menentukan dan mengguna pakai kriteria dan kaedah (termasuk pemantauan,
pengukuran dan petunjuk prestasi yang berkaitan) yang diperlukan bagi memastikan
keberkesanan operasi dan kawalan proses ini;"
ISO9001,prestasi,4.4.1,"c) menentukan dan mengguna pakai kriteria dan kaedah (termasuk pemantauan,
pengukuran dan petunjuk prestasi yang berkaitan) yang diperlukan bagi memastikan
keberkesanan operasi dan kawalan proses ini;"
ISO9001,ukur,4.4.1,"c) menentukan dan mengguna pakai kriteria dan kaedah (termasuk pemantauan,
pengukuran dan petunjuk prestasi yang berkaitan) yang diperlukan bagi memastikan
keberkesanan operasi dan kawalan proses ini;"
ISO9001,kesan,4.4.1,"c) menentukan dan mengguna pakai kriteria dan kaedah (termasuk pemantauan,
pengukuran dan petunjuk prestasi yang berkaitan) yang diperlukan bagi memastikan
keberkesanan operasi dan kawalan proses ini;"
ISO9001,tanggungjawab,4.4.1,"e) menetapkan tanggungjawab dan bidang kuasa untuk proses ini;"
ISO9001,risiko,4.4.1,"f) menyatakan risiko dan peluang sebagaimana yang ditentukan selaras dengan keperluan
dalam 6.1;"
ISO9001,perubahan,4.4.1,"g) menilai proses ini dan melaksanakan apa-apa perubahan yang diperlukan bagi
memastikan bahawa proses ini mencapai hasil yang dimaksudkan;"
ISO9001,pengurusan,4.4.1,"h) menambah baik proses dan sistem pengurusan kualiti."
ISO9001,operasi,4.4.2,"a) menyelenggarakan maklumat didokumentasikan bagi menyokong operasi prosesnya;"
ISO9001,komitmen,5.1,"5.1 Kepimpinan dan komitmen"
ISO9001,pengurusan,5.1.1,"Pengurusan atasan hendaklah menunjukkan kepimpinan dan komitmen tentang sistem
pengurusan kualiti dengan:"
ISO9001,komitmen,5.1.1,"Pengurusan atasan hendaklah menunjukkan kepimpinan dan komitmen tentang sistem
pengurusan kualiti dengan:"
ISO9001,pengurusan,5.1.1,"a) mengambil kebertanggungjawaban terhadap keberkesanan sistem pengurusan kualiti;"
ISO9001,tanggungjawab,5.1.1,"a) mengambil kebertanggungjawaban terhadap keberkesanan sistem pengurusan kualiti;"
ISO9001,kesan,5.1.1,"a) mengambil kebertanggungjawaban terhadap keberkesanan sistem pengurusan kualiti;"
ISO9001,objektif,q5.1.1,"b) memastikan dasar kualiti dan objektif kualiti diwujudkan untuk sistem pengurusan kualiti
dan adalah bersesuaian dengan konteks dan hala tuju strategik organisasi;"
ISO9001,dasar,q5.1.1,"b) memastikan dasar kualiti dan objektif kualiti diwujudkan untuk sistem pengurusan kualiti
dan adalah bersesuaian dengan konteks dan hala tuju strategik organisasi;"
ISO9001,pengurusan,q5.1.1,"b) memastikan dasar kualiti dan objektif kualiti diwujudkan untuk sistem pengurusan kualiti
dan adalah bersesuaian dengan konteks dan hala tuju strategik organisasi;"
ISO9001,pengurusan,5.1.1,"c) memastikan integrasi keperluan sistem pengurusan kualiti ke dalam proses perniagaan
organisasi;"
ISO9001,risiko,5.1.1,"d) menggalakkan penggunaan pendekatan proses dan pemikiran berasaskan risiko;"
ISO9001,pengurusan,5.1.1,"e) memastikan sumber yang diperlukan untuk sistem pengurusan kualiti adalah tersedia;"
ISO9001,pengurusan,5.1.1,"f) mengkomunikasikan pentingnya pengurusan kualiti yang berkesan dan keakuran
terhadap keperluan sistem pengurusan kualiti;"
ISO9001,komunikasi,5.1.1,"f) mengkomunikasikan pentingnya pengurusan kualiti yang berkesan dan keakuran
terhadap keperluan sistem pengurusan kualiti;"
ISO9001,kesan,5.1.1,"f) mengkomunikasikan pentingnya pengurusan kualiti yang berkesan dan keakuran
terhadap keperluan sistem pengurusan kualiti;"
ISO9001,pengurusan,5.1.1,"g) memastikan bahawa sistem pengurusan kualiti mencapai hasil yang dimaksudkan;"
ISO9001,pengurusan,5.1.1,"h) melibatkan, mengarah dan menyokong pekerja supaya menyumbang kepada
keberkesanan sistem pengurusan kualiti;"
ISO9001,kesan,5.1.1,"h) melibatkan, mengarah dan menyokong pekerja supaya menyumbang kepada
keberkesanan sistem pengurusan kualiti;"
ISO9001,penambahbaikan,5.1.1,"i) menggalakkan penambahbaikan;"
ISO9001,pengurusan,5.1.1,"j) menyokong peranan pengurusan lain yang relevan untuk menunjukkan kepimpinannya,
seperti yang terpakai dalam bidang tanggungjawabnya."
ISO9001,tanggungjawab,5.1.1,"j) menyokong peranan pengurusan lain yang relevan untuk menunjukkan kepimpinannya,
seperti yang terpakai dalam bidang tanggungjawabnya."
ISO9001,pelanggan,5.1.2,"5.1.2 Fokus kepada pelanggan"
ISO9001,pengurusan,5.1.2,"Pengurusan atasan hendaklah menunjukkan kepimpinan dan komitmen berkaitan fokus
kepada pelanggan dengan memastikan bahawa:"
ISO9001,komitmen,5.1.2,"Pengurusan atasan hendaklah menunjukkan kepimpinan dan komitmen berkaitan fokus
kepada pelanggan dengan memastikan bahawa:"
ISO9001,pelanggan,5.1.2,"Pengurusan atasan hendaklah menunjukkan kepimpinan dan komitmen berkaitan fokus
kepada pelanggan dengan memastikan bahawa:"
ISO9001,pelanggan,5.1.2,"a) keperluan pelanggan, serta keperluan berkanun dan peraturan yang terpakai ditentukan,
difahami serta dipenuhi secara tekal;"
ISO9001,pelanggan,5.1.2,"b) risiko dan peluang yang boleh memberi kesan kepada keakuran produk dan
perkhidmatan dan keupayaan untuk meningkatkan kepuasan pelanggan ditentukan dan
dinyatakan;"
ISO9001,risiko,5.1.2,"b) risiko dan peluang yang boleh memberi kesan kepada keakuran produk dan
perkhidmatan dan keupayaan untuk meningkatkan kepuasan pelanggan ditentukan dan
dinyatakan;"
ISO9001,kesan,5.1.2,"b) risiko dan peluang yang boleh memberi kesan kepada keakuran produk dan
perkhidmatan dan keupayaan untuk meningkatkan kepuasan pelanggan ditentukan dan
dinyatakan;"
ISO9001,pelanggan,5.1.2,"c) fokus untuk meningkatkan kepuasan pelanggan dikekalkan."
ISO9001,dasar,5.2,"5.2 Dasar"
ISO9001,dasar,5.2.1,"5.2.1 Membangunkan dasar kualiti"
ISO9001,dasar,5.2.1,"Pengurusan atasan hendaklah mewujudkan, melaksanakan dan menyelenggarakan dasar
kualiti yang:"
ISO9001,pengurusan,5.2.1,"Pengurusan atasan hendaklah mewujudkan, melaksanakan dan menyelenggarakan dasar
kualiti yang:"
ISO9001,objektif,5.2.1,"b) menyediakan rangka kerja untuk menetapkan objektif kualiti;"
ISO9001,komitmen,5.2.1,"c) mengandungi komitmen untuk memenuhi keperluan berkenaan;"
ISO9001,pengurusan,5.2.1,"d) mengandungi komitmen untuk menambah baik secara berterusan sistem pengurusan
kualiti."
ISO9001,komitmen,5.2.1,"d) mengandungi komitmen untuk menambah baik secara berterusan sistem pengurusan
kualiti."
ISO9001,dasar,5.2.2,"5.2.2 Mengkomunikasikan dasar kualiti"
ISO9001,komunikasi,5.2.2,"5.2.2 Mengkomunikasikan dasar kualiti"
ISO9001,dasar,5.2.2,"Dasar kualiti hendaklah:"
ISO9001,komunikasi,5.2.2,"b) dikomunikasikan, difahami dan diguna pakai dalam organisasi;"
ISO9001,tanggungjawab,5.3,"5.3 Peranan, tanggungjawab dan bidang kuasa organisasi"
ISO9001,pengurusan,5.3,"Pengurusan atasan hendaklah memastikan bahawa tanggungjawab dan bidang kuasa bagi
peranan yang relevan ditetapkan, dikomunikasikan dan difahami dalam organisasi itu."
ISO9001,komunikasi,5.3,"Pengurusan atasan hendaklah memastikan bahawa tanggungjawab dan bidang kuasa bagi
peranan yang relevan ditetapkan, dikomunikasikan dan difahami dalam organisasi itu."
ISO9001,tanggungjawab,5.3,"Pengurusan atasan hendaklah memastikan bahawa tanggungjawab dan bidang kuasa bagi
peranan yang relevan ditetapkan, dikomunikasikan dan difahami dalam organisasi itu."
ISO9001,pengurusan,5.3,"Pengurusan atasan hendaklah menetapkan tanggungjawab dan bidang kuasa bagi:"
ISO9001,tanggungjawab,5.3,"Pengurusan atasan hendaklah menetapkan tanggungjawab dan bidang kuasa bagi:"
ISO9001,pengurusan,5.3,"a) memastikan sistem pengurusan kualiti akur terhadap keperluan Standard Antarabangsa
ini;"
ISO9001,pengurusan,5.3,"c) melaporkan prestasi sistem pengurusan kualiti dan peluang untuk penambahbaikan (lihat
10.1), khususnya kepada pengurusan atasan;"
ISO9001,prestasi,5.3,"c) melaporkan prestasi sistem pengurusan kualiti dan peluang untuk penambahbaikan (lihat
10.1), khususnya kepada pengurusan atasan;"
ISO9001,penambahbaikan,5.3,"c) melaporkan prestasi sistem pengurusan kualiti dan peluang untuk penambahbaikan (lihat
10.1), khususnya kepada pengurusan atasan;"
ISO9001,pelanggan,5.3,"d) memastikan penggalakan bagi fokus terhadap pelanggan dalam seluruh organisasi;"
ISO9001,pengurusan,5.3,"e) memastikan integriti sistem pengurusan kualiti dikekalkan apabila perubahan sistem
pengurusan kualiti dirancang dan dilaksanakan."
ISO9001,perubahan,5.3,"e) memastikan integriti sistem pengurusan kualiti dikekalkan apabila perubahan sistem
pengurusan kualiti dirancang dan dilaksanakan."
ISO9001,risiko,6.1,"6.1 Tindakan menyatakan risiko dan peluang"
ISO9001,pengurusan,6.1.1,"6.1.1 Apabila merancang untuk sistem pengurusan kualiti, organisasi hendaklah
mempertimbangkan isu yang disebutkan dalam 4.1 dan keperluan yang disebutkan dalam 4.
dan menentukan risiko dan peluang yang perlu dinyatakan untuk:"
ISO9001,risiko,6.1.1,"6.1.1 Apabila merancang untuk sistem pengurusan kualiti, organisasi hendaklah
mempertimbangkan isu yang disebutkan dalam 4.1 dan keperluan yang disebutkan dalam 4.
dan menentukan risiko dan peluang yang perlu dinyatakan untuk:"
ISO9001,pengurusan,6.1.1,"a) memberi jaminan bahawa sistem pengurusan kualiti boleh mencapai hasil yang
dimaksudkan;"
ISO9001,kesan,6.1.1,"b) meningkatkan kesan yang diingini;"
ISO9001,kesan,6.1.1,"c) mencegah, atau mengurangkan kesan yang tidak diingini;"
ISO9001,penambahbaikan,6.1.1,"d) mencapai penambahbaikan."
ISO9001,risiko,6.1.2,"a) tindakan menyatakan risiko dan peluang;"
ISO9001,pengurusan,6.1.2,"1) mengintegrasikan, dan melaksanakan tindakan itu ke dalam proses sistem
pengurusan kualiti (lihat 4.4);"
ISO9001,kesan,6.1.2,"2) menilai keberkesanan tindakan ini."
ISO9001,risiko,6.1.2,"Tindakan yang diambil untuk menyatakan risiko dan peluang hendaklah setimpal dengan
kesan yang mungkin wujud terhadap keakuran produk dan perkhidmatan."
ISO9001,kesan,6.1.2,"Tindakan yang diambil untuk menyatakan risiko dan peluang hendaklah setimpal dengan
kesan yang mungkin wujud terhadap keakuran produk dan perkhidmatan."
ISO9001,dasar,1.,"NOTA 1. Pilihan untuk menyatakan risiko boleh termasuk mengelakkan risiko, mengambil risiko untuk
mengejar peluang, menghapuskan punca risiko, mengubah kemungkinan atau akibat, berkongsi risiko,
atau mengekalkan risiko berdasarkan keputusan bermaklumat."
ISO9001,risiko,1.,"NOTA 1. Pilihan untuk menyatakan risiko boleh termasuk mengelakkan risiko, mengambil risiko untuk
mengejar peluang, menghapuskan punca risiko, mengubah kemungkinan atau akibat, berkongsi risiko,
atau mengekalkan risiko berdasarkan keputusan bermaklumat."
ISO9001,objektif,6.2,"6.2 Objektif kualiti dan perancangan untuk mencapainya"
ISO9001,objektif,6.2.1,"6.2.1 Organisasi hendaklah mewujudkan objektif kualiti pada fungsi, aras dan proses yang relevan yang diperlukan untuk sistem pengurusan kualiti"
ISO9001,pengurusan,6.2.1,"6.2.1 Organisasi hendaklah mewujudkan objektif kualiti pada fungsi, aras dan proses yang relevan yang diperlukan untuk sistem pengurusan kualiti"
ISO9001,objektif,6.2.1,"Objektif kualiti hendaklah:"
ISO9001,dasar,6.2.1,"a) tekal dengan dasar kualiti;"
ISO9001,ukur,6.2.1,"b) boleh diukur;"
ISO9001,pelanggan,6.2.1,"d) relevan dengan keakuran produk dan perkhidmatan, dan peningkatan kepuasan
pelanggan;"
ISO9001,komunikasi,6.2.1,"f) dikomunikasikan;"
ISO9001,objektif,6.2.1,"Organisasi hendaklah menyelenggara maklumat didokumentasikan tentang objektif kualiti."
ISO9001,objektif,6.2.2,"6.2.2 Apabila merancang cara untuk mencapai objektif kualiti, organisasi hendaklah menentukan:"
ISO9001,tanggungjawab,6.2.2,"c) siapa yang bertanggungjawab;"
ISO9001,perubahan,6.3,"6.3 Merancang perubahan"
ISO9001,pengurusan,6.3,"Apabila organisasi menentukan keperluan untuk mengubah sistem pengurusan kualiti,
perubahan itu hendaklah dilaksanakan dengan cara yang terancang (lihat 4.4)."
ISO9001,perubahan,6.3,"Apabila organisasi menentukan keperluan untuk mengubah sistem pengurusan kualiti,
perubahan itu hendaklah dilaksanakan dengan cara yang terancang (lihat 4.4)."
ISO9001,perubahan,6.3,"a) tujuan perubahan dan kesan yang mungkin timbul;"
ISO9001,kesan,6.3,"a) tujuan perubahan dan kesan yang mungkin timbul;"
ISO9001,pengurusan,6.3,"b) integriti sistem pengurusan kualiti;"
ISO9001,tanggungjawab,6.3,"d) pengagihan atau pengagihan semula tanggungjawab dan bidang kuasa."
ISO9001,pengurusan,7.1.1,"Organisasi hendaklah menentukan dan menyediakan sumber yang diperlukan bagi
mewujudkan, melaksanakan, menyelenggarakan, dan menambah baik secara berterusan
sistem pengurusan kualiti."
ISO9001,operasi,7.1.2,"Organisasi hendaklah menentukan dan menyediakan modal insan yang diperlukan untuk
pelaksanaan sistem pengurusan kualiti yang berkesan dan untuk operasi dan kawalan
prosesnya."
ISO9001,kawalan,7.1.2,"Organisasi hendaklah menentukan dan menyediakan modal insan yang diperlukan untuk
pelaksanaan sistem pengurusan kualiti yang berkesan dan untuk operasi dan kawalan
prosesnya."
ISO9001,pengurusan,7.1.2,"Organisasi hendaklah menentukan dan menyediakan modal insan yang diperlukan untuk
pelaksanaan sistem pengurusan kualiti yang berkesan dan untuk operasi dan kawalan
prosesnya."
ISO9001,kesan,7.1.2,"Organisasi hendaklah menentukan dan menyediakan modal insan yang diperlukan untuk
pelaksanaan sistem pengurusan kualiti yang berkesan dan untuk operasi dan kawalan
prosesnya."
ISO9001,operasi,7.1.3,"Organisasi hendaklah menentukan, menyediakan dan menyelenggarakan prasarana yang
diperlukan untuk operasi prosesnya dan untuk mencapai keakuran produk dan perkhidmatan."
ISO9001,ralat,7.1.3,"b) peralatan, termasuk perkakasan dan perisian;"
ISO9001,komunikasi,7.1.3,"d) teknologi maklumat dan komunikasi."
ISO9001,operasi,7.1.4,"7.1.4 Persekitaran untuk operasi proses"
ISO9001,operasi,7.1.4,"Organisasi hendaklah menentukan, menyediakan dan menyelenggarakan persekitaran yang
diperlukan untuk operasi prosesnya dan untuk mencapai keakuran produk dan perkhidmatan."
ISO9001,ukur,7.1.5,"7.1.5 Sumber pemantauan dan pengukuran"
ISO9001,ukur,7.1.5.1,"Organisasi hendaklah menentukan dan menyediakan sumber yang diperlukan untuk
memastikan keputusan yang sah dan boleh dipercayai, apabila pemantauan atau pengukuran
digunakan untuk menentu sah keakuran produk dan perkhidmatan terhadap keperluan."
ISO9001,ukur,7.1.5.1,"a) adalah sesuai untuk jenis aktiviti pemantauan dan pengukuran tertentu yang
dilaksanakan;"
ISO9001,ukur,7.1.5.1,"Organisasi hendaklah menyimpan maklumat didokumentasikan yang sesuai sebagai bukti
kesesuaian untuk maksud tentang sumber pemantauan dan pengukuran."
ISO9001,ukur,7.1.5.2,"7.1.5.2 Kebolehkesanan pengukuran"
ISO9001,kesan,7.1.5.2,"7.1.5.2 Kebolehkesanan pengukuran"
ISO9001,ukur,7.1.5.2,"Apabila kebolehkesanan pengukuran ialah suatu keperluan, atau dianggap suatu perkara
yang penting oleh organisasi untuk memberikan keyakinan dalam kesahan hasil pengukuran,
peralatan mengukur hendaklah:"
ISO9001,kesan,7.1.5.2,"Apabila kebolehkesanan pengukuran ialah suatu keperluan, atau dianggap suatu perkara
yang penting oleh organisasi untuk memberikan keyakinan dalam kesahan hasil pengukuran,
peralatan mengukur hendaklah:"
ISO9001,ralat,7.1.5.2,"Apabila kebolehkesanan pengukuran ialah suatu keperluan, atau dianggap suatu perkara
yang penting oleh organisasi untuk memberikan keyakinan dalam kesahan hasil pengukuran,
peralatan mengukur hendaklah:"
ISO9001,ukur,7.1.5.2,"c) dilindungi daripada pelarasan, kerosakan atau kemerosotan yang akan mentaksahkan
status tentukuran dan hasil pengukuran seterusnya."
ISO9001,ukur,7.1.5.2,"Organisasi hendaklah menentukan sama ada kesahan hasil pengukuran terdahulu terjejas
teruk apabila peralatan mengukur didapati tidak sesuai untuk maksudnya yang ditetapkan,
dan hendaklah mengambil tindakan sewajarnya seperti yang diperlukan."
ISO9001,ralat,7.1.5.2,"Organisasi hendaklah menentukan sama ada kesahan hasil pengukuran terdahulu terjejas
teruk apabila peralatan mengukur didapati tidak sesuai untuk maksudnya yang ditetapkan,
dan hendaklah mengambil tindakan sewajarnya seperti yang diperlukan."
ISO9001,operasi,7.1.6,"Organisasi hendaklah menentukan pengetahuan yang diperlukan untuk operasi prosesnya
dan bagi mencapai keakuran produk dan perkhidmatan."
ISO9001,perubahan,7.1.6,"Apabila menangani perubahan keperluan dan trend, organisasi hendaklah mengambil kira
pengetahuan semasanya dan menentukan cara memperoleh atau mengakses apa-apa
pengetahuan tambahan dan pengetahuan dikemas kini yang perlu ada."
ISO9001,objektif,1.,"NOTA 1. Pengetahuan organisasi ialah pengetahuan khusus bagi organisasi itu; ia diperoleh melalui
pengalaman. Ia merupakan maklumat yang digunakan dan dikongsi bagi mencapai objektif organisasi."
ISO9001,dasar,2.,"NOTA 2. Pengetahuan organisasi boleh berdasarkan:"
ISO9001,penambahbaikan,2.,"a) sumber dalaman (contoh, harta intelek; pengetahuan yang diperoleh melalui pengalaman;
pengajaran daripada kegagalan dan projek yang berjaya; perakaman dan perkongsian
pengetahuan dan pengalaman yang tidak didokumentasikan; hasil penambahbaikan dalam proses,
produk dan perkhidmatan);"
ISO9001,pelanggan,2.,"b) sumber luaran (contoh, standard; akademia; persidangan; pengumpulan pengetahuan daripada
pelanggan atau penyedia luar)."
ISO9001,kompeten,7.2,"7.2 Kekompetenan"
ISO9001,kompeten,7.2,"a) menentukan kekompetenan yang diperlukan oleh orang yang melakukan kerja di bawah
kawalannya memberi kesan kepada prestasi dan keberkesanan sistem pengurusan
kualiti;"
ISO9001,kawalan,7.2,"a) menentukan kekompetenan yang diperlukan oleh orang yang melakukan kerja di bawah
kawalannya memberi kesan kepada prestasi dan keberkesanan sistem pengurusan
kualiti;"
ISO9001,pengurusan,7.2,"a) menentukan kekompetenan yang diperlukan oleh orang yang melakukan kerja di bawah
kawalannya memberi kesan kepada prestasi dan keberkesanan sistem pengurusan
kualiti;"
ISO9001,prestasi,7.2,"a) menentukan kekompetenan yang diperlukan oleh orang yang melakukan kerja di bawah
kawalannya memberi kesan kepada prestasi dan keberkesanan sistem pengurusan
kualiti;"
ISO9001,kesan,7.2,"a) menentukan kekompetenan yang diperlukan oleh orang yang melakukan kerja di bawah
kawalannya memberi kesan kepada prestasi dan keberkesanan sistem pengurusan
kualiti;"
ISO9001,dasar,7.2,"b) memastikan bahawa orang tersebut kompeten berdasarkan pendidikan, latihan, atau
pengalaman yang sesuai;"
ISO9001,kompeten,7.2,"b) memastikan bahawa orang tersebut kompeten berdasarkan pendidikan, latihan, atau
pengalaman yang sesuai;"
ISO9001,kompeten,7.2,"c) mengambil tindakan, jika berkenaan, untuk memperoleh kekompetenan yang diperlukan,
dan menilai keberkesanan tindakan yang diambil;"
ISO9001,kesan,7.2,"c) mengambil tindakan, jika berkenaan, untuk memperoleh kekompetenan yang diperlukan,
dan menilai keberkesanan tindakan yang diambil;"
ISO9001,kompeten,7.2,"d) menyimpan maklumat didokumentasikan yang sesuai sebagai bukti kekompetenan."
ISO9001,kompeten,7.2,"NOTA. Tindakan yang terpakai boleh termasuk, sebagai contoh, penyediaan latihan, pementoran, atau
penugasan semula pekerja sedia ada; atau pengambilan atau pengkontrakan orang yang kompeten."
ISO9001,kawalan,7.3,"Organisasi hendaklah memastikan bahawa orang yang melakukan kerja di bawah
kawalannya mengetahui tentang:"
ISO9001,dasar,7.3,"a) dasar kualiti;"
ISO9001,objektif,7.3,"b) objektif kualiti yang relevan;"
ISO9001,pengurusan,7.3,"c) sumbangan mereka kepada keberkesanan sistem pengurusan kualiti, termasuk manfaat
prestasi yang ditambah baik;"
ISO9001,prestasi,7.3,"c) sumbangan mereka kepada keberkesanan sistem pengurusan kualiti, termasuk manfaat
prestasi yang ditambah baik;"
ISO9001,kesan,7.3,"c) sumbangan mereka kepada keberkesanan sistem pengurusan kualiti, termasuk manfaat
prestasi yang ditambah baik;"
ISO9001,pengurusan,7.3,"d) implikasi jika tidak mengakuri keperluan sistem pengurusan kualiti."
ISO9001,komunikasi,7.4,"7.4 Komunikasi"
ISO9001,pengurusan,7.4,"Organisasi hendaklah menentukan komunikasi dalaman dan luaran yang relevan dengan
sistem pengurusan kualiti, termasuk:"
ISO9001,komunikasi,7.4,"Organisasi hendaklah menentukan komunikasi dalaman dan luaran yang relevan dengan
sistem pengurusan kualiti, termasuk:"
ISO9001,komunikasi,7.4,"a) perkara yang akan dikomunikasikan;"
ISO9001,komunikasi,7.4,"b) bila perlu berkomunikasi;"
ISO9001,komunikasi,7.4,"c) dengan siapa untuk berkomunikasi;"
ISO9001,komunikasi,7.4,"d) cara untuk berkomunikasi;"
ISO9001,komunikasi,7.4,"e) siapa yang berkomunikasi."
ISO9001,pengurusan,7.5.1,"Sistem pengurusan kualiti organisasi hendaklah termasuk:"
ISO9001,pengurusan,7.5.1,"b) maklumat didokumentasikan yang ditentukan perlu oleh organisasi bagi keberkesanan
sistem pengurusan kualiti."
ISO9001,kesan,7.5.1,"b) maklumat didokumentasikan yang ditentukan perlu oleh organisasi bagi keberkesanan
sistem pengurusan kualiti."
ISO9001,pengurusan,7.5.1,"NOTA. Tahap maklumat didokumentasikan untuk sistem pengurusan kualiti boleh berbeza antara satu
organisasi dengan yang lain disebabkan oleh:"
ISO9001,kompeten,7.5.1,"- saiz organisasi dan jenis aktiviti, proses, produk dan perkhidmatannya;
- kerumitan proses dan saling tindaknya;
- kekompetenan orang."
ISO9001,kawalan,7.5.3,"7.5.3 Kawalan maklumat didokumentasikan"
ISO9001,pengurusan,7.5.3.1,"7.5.3.1 Maklumat didokumentasikan yang diperlukan oleh sistem pengurusan kualiti dan
Standard Antarabangsa ini hendaklah dikawal bagi memastikan:"
ISO9001,kawalan,7.5.3.2,"c) kawalan perubahan (contoh, kawalan versi);"
ISO9001,perubahan,7.5.3.2,"c) kawalan perubahan (contoh, kawalan versi);"
ISO9001,operasi,7.5.3.2,"Maklumat didokumentasikan yang berasal dari luar yang ditentukan penting oleh organisasi
bagi perancangan dan operasi sistem pengurusan kualiti hendaklah dikenal pasti sewajarnya,
dan dikawal."
ISO9001,pengurusan,7.5.3.2,"Maklumat didokumentasikan yang berasal dari luar yang ditentukan penting oleh organisasi
bagi perancangan dan operasi sistem pengurusan kualiti hendaklah dikenal pasti sewajarnya,
dan dikawal."
ISO9001,operasi,8,"8 Operasi"
ISO9001,operasi,8.1,"8.1 Perancangan dan kawalan operasi"
ISO9001,kawalan,8.1,"8.1 Perancangan dan kawalan operasi"
ISO9001,kawalan,8.1,"d) melaksanakan kawalan proses selaras dengan kriteria;"
ISO9001,operasi,8.1,"Output perancangan ini hendaklah sesuai untuk operasi organisasi."
ISO9001,perubahan,8.1,"Organisasi hendaklah mengawal perubahan terancang dan mengkaji semula kesan
perubahan yang tidak diingini, dengan mengambil tindakan untuk mengurangkan apa-apa
kesan buruk, seperti yang diperlukan."
ISO9001,kesan,8.1,"Organisasi hendaklah mengawal perubahan terancang dan mengkaji semula kesan
perubahan yang tidak diingini, dengan mengambil tindakan untuk mengurangkan apa-apa
kesan buruk, seperti yang diperlukan."
ISO9001,komunikasi,8.2.1,"8.2.1 Komunikasi dengan pelanggan"
ISO9001,pelanggan,8.2.1,"8.2.1 Komunikasi dengan pelanggan"
ISO9001,komunikasi,8.2.1,"Komunikasi dengan pelanggan hendaklah termasuk:"
ISO9001,pelanggan,8.2.1,"Komunikasi dengan pelanggan hendaklah termasuk:"
ISO9001,perubahan,8.2.1,"b) mengendalikan pertanyaan, kontrak atau pesanan, termasuk perubahan;"
ISO9001,pelanggan,8.2.1,"c) mendapatkan maklum balas pelanggan berkaitan dengan produk dan perkhidmatan,
termasuk aduan pelanggan;"
ISO9001,pelanggan,8.2.1,"d) mengendalikan atau mengawal harta pelanggan;"
ISO9001,pelanggan,8.2.2,"Apabila menentukan keperluan untuk produk dan perkhidmatan yang akan ditawarkan
kepada pelanggan, organisasi hendaklah memastikan bahawa:"
ISO9001,pelanggan,8.2.3.1,"a) keperluan yang ditetapkan oleh pelanggan, termasuk keperluan hantar serah dan aktiviti
selepas hantar serah;"
ISO9001,pelanggan,8.2.3.1,"b) keperluan yang tidak dinyatakan oleh pelanggan, tetapi adalah perlu bagi kegunaan yang
ditetapkan atau yang dimaksudkan, jika hal itu diketahui;"
ISO9001,pelanggan,8.2.3.1,"Keperluan pelanggan hendaklah disahkan oleh organisasi sebelum penerimaan, apabila
pelanggan tidak menyediakan pernyataan didokumentasikan tentang keperluan mereka."
ISO9001,perubahan,8.2.4,"8.2.4 Perubahan keperluan untuk produk dan perkhidmatan"
ISO9001,kawalan,8.3.2,"Dalam menentukan tahap dan kawalan untuk reka bentuk dan pembangunan, organisasi
hendaklah mengambil kira:"
ISO9001,tanggungjawab,8.3.2,"d) tanggungjawab dan kuasa yang terlibat dalam proses reka bentuk dan pembangunan;"
ISO9001,pelanggan,8.3.2,"g) keperluan untuk pelibatan pelanggan dan pengguna dalam proses reka bentuk dan
pembangunan;"
ISO9001,kawalan,8.3.2,"i) tahap kawalan yang dijangkakan untuk proses reka bentuk dan pembangunan oleh
pelanggan dan pihak berkepentingan lain yang relevan;"
ISO9001,pelanggan,8.3.2,"i) tahap kawalan yang dijangkakan untuk proses reka bentuk dan pembangunan oleh
pelanggan dan pihak berkepentingan lain yang relevan;"
ISO9001,prestasi,8.3.3,"a) keperluan fungsian dan prestasi;"
ISO9001,komitmen,8.3.3,"d) standard atau kod amalan yang organisasi telah memberikan komitmen untuk
dilaksanakan;"
ISO9001,kawalan,8.3.4,"8.3.4 Kawalan reka bentuk dan pembangunan"
ISO9001,kawalan,8.3.4,"Organisasi hendaklah mengenakan kawalan untuk proses reka bentuk dan pembangunan
bagi memastikan bahawa:"
ISO9001,ukur,8.3.5,"c) merangkumi atau merujuk keperluan pemantauan dan pengukuran, sebagaimana yang
sesuai, dan kriteria penerimaan;"
ISO9001,perubahan,8.3.6,"8.3.6 Perubahan reka bentuk dan pembangunan"
ISO9001,perubahan,8.3.6,"Organisasi hendaklah mengenal pasti, menyemak semula dan mengawal perubahan yang
dibuat semasa, atau selepas, reka bentuk dan pembangunan produk dan perkhidmatan,
setakat yang perlu bagi memastikan tidak ada impak yang bertentangan dengan keakuran
terhadap keperluan."
ISO9001,perubahan,8.3.6,"a) perubahan reka bentuk dan pembangunan;"
ISO9001,perubahan,8.3.6,"c) kebenaran atas perubahan;"
ISO9001,kawalan,8.4,"8.4 Kawalan terhadap proses, produk dan perkhidmatan sediaan luar"
ISO9001,kawalan,8.4.1,"Organisasi hendaklah menentukan kawalan yang akan diguna pakai bagi proses, produk dan
perkhidmatan sediaan luar apabila:"
ISO9001,pelanggan,8.4.1,"b) produk dan perkhidmatan disediakan secara terus kepada pelanggan oleh penyedia luar
bagi pihak organisasi;"
ISO9001,dasar,8.4.1,"c) proses, atau sebahagian daripada proses, disediakan oleh penyedia luar berdasarkan
keputusan yang dibuat oleh organisasi."
ISO9001,kawalan,8.4.2,"8.4.2 Jenis dan takat kawalan"
ISO9001,pelanggan,8.4.2,"Organisasi hendaklah memastikan bahawa proses, produk dan perkhidmatan sediaan luar
tidak memberi kesan bertentangan terhadap keupayaan organisasi untuk membekalkan
secara tekal produk dan perkhidmatan yang akur dengan keperluan kepada pelanggannya."
ISO9001,kesan,8.4.2,"Organisasi hendaklah memastikan bahawa proses, produk dan perkhidmatan sediaan luar
tidak memberi kesan bertentangan terhadap keupayaan organisasi untuk membekalkan
secara tekal produk dan perkhidmatan yang akur dengan keperluan kepada pelanggannya."
ISO9001,kawalan,8.4.2,"a) memastikan bahawa proses sediaan luar kekal dalam kawalan sistem pengurusan
kualitinya;"
ISO9001,pengurusan,8.4.2,"a) memastikan bahawa proses sediaan luar kekal dalam kawalan sistem pengurusan
kualitinya;"
ISO9001,kawalan,8.4.2,"b) menetapkan kawalan yang dimaksudkan untuk diguna pakai terhadap kedua-dua
penyedia luar dan output yang terhasil;"
ISO9001,pelanggan,8.4.2,"1) impak yang mungkin terhasil daripada proses, produk dan perkhidmatan sediaan luar
terhadap keupayaan organisasi untuk memenuhi secara tekal keperluan pelanggan,
serta keperluan berkanun dan peraturan yang terpakai;"
ISO9001,kawalan,8.4.2,"2) keberkesanan kawalan yang diguna pakai oleh penyedia luar;"
ISO9001,kesan,8.4.2,"2) keberkesanan kawalan yang diguna pakai oleh penyedia luar;"
ISO9001,komunikasi,8.4.3,"Organisasi hendaklah memastikan kecukupan keperluan sebelum dikomunikasikan kepada
penyedia luar."
ISO9001,komunikasi,8.4.3,"Organisasi hendaklah mengkomunikasikan kepada penyedia luar keperluannya tentang:"
ISO9001,ralat,8.4.3,"2) kaedah, proses dan peralatan;"
ISO9001,kompeten,8.4.3,"c) kekompetenan, termasuk apa-apa kelayakan yang diperlukan oleh seseorang;"
ISO9001,kawalan,8.4.3,"e) kawalan dan pemantauan prestasi penyedia luar yang akan diguna pakai oleh organisasi;"
ISO9001,prestasi,8.4.3,"e) kawalan dan pemantauan prestasi penyedia luar yang akan diguna pakai oleh organisasi;"
ISO9001,pelanggan,8.4.3,"f) aktiviti penentusahan atau pengesahan yang organisasi, atau pelanggannya, bermaksud
untuk melaksanakan di premis penyedia luar."
ISO9001,kawalan,8.5.1,"8.5.1 Kawalan penyediaan pengeluaran dan perkhidmatan"
ISO9001,ukur,8.5.1,"b) ketersediaan dan penggunaan sumber pemantauan dan pengukuran yang sesuai;"
ISO9001,kawalan,8.5.1,"c) pelaksanaan aktiviti pemantauan dan pengukuran pada tahap yang sesuai untuk
menentusahkan bahawa kriteria kawalan proses atau output, dan kriteria penerimaan
produk dan perkhidmatan telah dipenuhi;"
ISO9001,ukur,8.5.1,"c) pelaksanaan aktiviti pemantauan dan pengukuran pada tahap yang sesuai untuk
menentusahkan bahawa kriteria kawalan proses atau output, dan kriteria penerimaan
produk dan perkhidmatan telah dipenuhi;"
ISO9001,operasi,8.5.1,"d) penggunaan prasarana dan persekitaran yang sesuai untuk operasi proses;"
ISO9001,kompeten,8.5.1,"e) pelantikan orang yang kompeten, termasuk apa-apa kelayakan yang diperlukan;"
ISO9001,ukur,8.5.1,"f) pengesahan dan pengesahan semula secara berkala, terhadap keupayaan untuk
mencapai hasil yang dirancang daripada proses bagi penyediaan pengeluaran dan
perkhidmatan, jika output yang dihasilkan tidak boleh ditentusahkan melalui pemantauan
atau pengukuran berikutnya;"
ISO9001,kesan,8.5.2,"8.5.2 Pengenalpastian dan kebolehkesanan"
ISO9001,ukur,8.5.2,"Organisasi hendaklah mengenal pasti status output berkenaan dengan keperluan
pemantauan dan pengukuran sepanjang penyediaan pengeluaran dan perkhidmatan."
ISO9001,kesan,8.5.2,"Organisasi hendaklah mengawal pengenalpastian unik output apabila kebolehkesanan
merupakan satu keperluan, dan hendaklah menyimpan maklumat didokumentasikan yang
perlu untuk membolehkan kebolehkesanan."
ISO9001,pelanggan,8.5.3,"8.5.3 Harta kepunyaan pelanggan atau penyedia luar"
ISO9001,kawalan,8.5.3,"Organisasi hendaklah memelihara harta kepunyaan pelanggan atau penyedia luar semasa
harta itu di bawah kawalan organisasi atau digunakan oleh organisasi itu."
ISO9001,pelanggan,8.5.3,"Organisasi hendaklah memelihara harta kepunyaan pelanggan atau penyedia luar semasa
harta itu di bawah kawalan organisasi atau digunakan oleh organisasi itu."
ISO9001,pelanggan,8.5.3,"Organisasi hendaklah mengenal pasti, menentusahkan, menjaga serta melindungi harta
pelanggan atau penyedia luar yang disediakan untuk kegunaan atau untuk dijadikan
sebahagian daripada produk dan perkhidmatan."
ISO9001,pelanggan,8.5.3,"Apabila harta pelanggan atau penyedia luar hilang, rosak atau selainnya didapati tidak sesuai
untuk digunakan, organisasi hendaklah melaporkan hal itu kepada pelanggan atau penyedia
luar, dan menyimpan maklumat didokumentasikan tentang hal yang telah berlaku."
ISO9001,pelanggan,8.5.3,"NOTA. Harta pelanggan atau penyedia luar boleh termasuk bahan, komponen, alat dan peralatan,
premis, harta intelek dan data peribadi."
ISO9001,ralat,8.5.3,"NOTA. Harta pelanggan atau penyedia luar boleh termasuk bahan, komponen, alat dan peralatan,
premis, harta intelek dan data peribadi."
ISO9001,kawalan,8.5.4,"NOTA. Pemeliharaan boleh termasuk pengenalpastian, pengendalian, kawalan pencemaran,
pembungkusan, penyimpanan, penghantaran atau pengangkutan, dan penjagaan."
ISO9001,pelanggan,8.5.5,"d) keperluan pelanggan;"
ISO9001,pelanggan,8.5.5,"e) maklum balas pelanggan."
ISO9001,kawalan,8.5.6,"8.5.6 Kawalan perubahan"
ISO9001,perubahan,8.5.6,"8.5.6 Kawalan perubahan"
ISO9001,perubahan,8.5.6,"Organisasi hendaklah menyemak semula dan mengawal perubahan terhadap pengeluaran
atau penyediaan perkhidmatan, setakat yang perlu bagi memastikan keakuran berterusan
terhadap keperluan."
ISO9001,perubahan,8.5.6,"Organisasi hendaklah mengekalkan maklumat didokumentasikan yang memerihalkan hasil
kajian semula perubahan, orang yang membenarkan perubahan, dan apa-apa tindakan yang
perlu hasil daripada kajian semula itu."
ISO9001,pelanggan,8.6,"Pelepasan produk dan perkhidmatan kepada pelanggan tidak perlu diteruskan sehingga
perkiraan terancang disiapkan dengan memuaskan, melainkan jika diluluskan sebaliknya oleh
pihak berkuasa yang relevan dan, jika berkenaan, oleh pelanggan."
ISO9001,kesan,8.6,"b) kebolehkesanan orang yang membenarkan pelepasan."
ISO9001,kawalan,8.7,"8.7 Kawalan output tak akur"
ISO9001,pelanggan,8.7.1,"c) memaklumkan pelanggan;"
ISO9001,ketakakuran,8.7.2,"a) memerihalkan ketakakuran;"
ISO9001,ketakakuran,8.7.2,"d) mengenal pasti kuasa yang memutuskan tindakan berkenaan dengan ketakakuran."
ISO9001,prestasi,9,"9 Penilaian prestasi"
ISO9001,ukur,9.1,"9.1 Pemantauan, pengukuran, analisis dan penilaian"
ISO9001,ukur,9.1.1,"a) apa yang perlu dipantau dan diukur;"
ISO9001,ukur,9.1.1,"b) kaedah pemantauan, pengukuran, analisis dan penilaian yang diperlukan bagi
memastikan hasil yang sah;"
ISO9001,ukur,9.1.1,"c) bila pemantauan dan pengukuran hendak dilaksanakan;"
ISO9001,ukur,9.1.1,"d) bila hasil pemantauan dan pengukuran hendak dianalisis dan dinilai."
ISO9001,pengurusan,9.1.1,"Organisasi hendaklah menilai prestasi dan keberkesanan sistem pengurusan kualiti."
ISO9001,prestasi,9.1.1,"Organisasi hendaklah menilai prestasi dan keberkesanan sistem pengurusan kualiti."
ISO9001,kesan,9.1.1,"Organisasi hendaklah menilai prestasi dan keberkesanan sistem pengurusan kualiti."
ISO9001,pelanggan,9.1.2,"9.1.2 Kepuasan pelanggan"
ISO9001,pelanggan,9.1.2,"Organisasi hendaklah memantau tanggapan pelanggan tentang tahap keperluan dan
jangkaan mereka yang telah dipenuhi. Organisasi hendaklah menentukan kaedah untuk
memperoleh, memantau dan menyemak semula maklumat ini."
ISO9001,pelanggan,9.1.2,"NOTA. Contoh pemantauan tanggapan pelanggan boleh termasuk kaji selidik pelanggan, maklum
balas pelanggan mengenai produk dan perkhidmatan yang dihantar serah, mesyuarat dengan
pelanggan, analisis bahagian pasaran, pujian, tuntutan waranti dan laporan wakil penjual."
ISO9001,ukur,9.1.3,"Organisasi hendaklah menganalisis dan menilai data dan maklumat yang sesuai hasil
daripada pemantauan dan pengukuran."
ISO9001,pelanggan,9.1.3,"b) tahap kepuasan pelanggan;"
ISO9001,pengurusan,9.1.3,"c) prestasi dan keberkesanan sistem pengurusan kualiti;"
ISO9001,prestasi,9.1.3,"c) prestasi dan keberkesanan sistem pengurusan kualiti;"
ISO9001,kesan,9.1.3,"c) prestasi dan keberkesanan sistem pengurusan kualiti;"
ISO9001,kesan,9.1.3,"d) sama ada perancangan telah dilaksanakan dengan berkesan;"
ISO9001,risiko,9.1.3,"e) keberkesanan tindakan yang diambil bagi menangani risiko dan peluang;"
ISO9001,kesan,9.1.3,"e) keberkesanan tindakan yang diambil bagi menangani risiko dan peluang;"
ISO9001,prestasi,9.1.3,"f) prestasi penyedia luar;"
ISO9001,pengurusan,9.1.3,"g) keperluan untuk menambah baik sistem pengurusan kualiti."
ISO9001,audit,9.2,"9.2 Audit dalaman"
ISO9001,pengurusan,9.2.1,"9.2.1 Organisasi hendaklah menjalankan audit dalaman secara berkala bagi menyediakan
maklumat bahawa sistem pengurusan kualiti sama ada atau tidak:"
ISO9001,audit,9.2.1,"9.2.1 Organisasi hendaklah menjalankan audit dalaman secara berkala bagi menyediakan
maklumat bahawa sistem pengurusan kualiti sama ada atau tidak:"
ISO9001,pengurusan,9.2.1,"1) keperluan sistem pengurusan kualiti organisasi itu sendiri;"
ISO9001,kesan,9.2.1,"b) dilaksanakan dan diselenggarakan secara berkesan."
ISO9001,audit,9.2.2,"9.2.2 Organisasi hendaklah merancang, mewujudkan, melaksanakan dan menyelenggarakan program audit"
ISO9001,audit,9.2.2,"b) menentukan kriteria audit dan skop bagi setiap audit;"
ISO9001,objektif,9.2.2,"c) memilih juruaudit dan menjalankan audit bagi memastikan keobjektifan dan
kesaksamaan proses audit;"
ISO9001,audit,9.2.2,"c) memilih juruaudit dan menjalankan audit bagi memastikan keobjektifan dan
kesaksamaan proses audit;"
ISO9001,pengurusan,9.2.2,"d) memastikan bahawa keputusan audit dilaporkan kepada pihak pengurusan yang relevan;"
ISO9001,audit,9.2.2,"d) memastikan bahawa keputusan audit dilaporkan kepada pihak pengurusan yang relevan;"
ISO9001,audit,9.2.2,"f) mengekalkan maklumat didokumentasikan sebagai bukti pelaksanaan program audit dan
keputusan audit."
ISO9001,pengurusan,9.3,"9.3 Kajian semula pengurusan"
ISO9001,pengurusan,9.3.1,"Pengurusan atasan hendaklah mengkaji semula sistem pengurusan kualiti organisasi, secara
berkala, bagi memastikan kesesuaian, kecukupan, keberkesanan dan keselarasan yang
berterusan dengan hala tuju strategik organisasi."
ISO9001,kesan,9.3.1,"Pengurusan atasan hendaklah mengkaji semula sistem pengurusan kualiti organisasi, secara
berkala, bagi memastikan kesesuaian, kecukupan, keberkesanan dan keselarasan yang
berterusan dengan hala tuju strategik organisasi."
ISO9001,pengurusan,9.3.2,"9.3.2 Input kajian semula pengurusan"
ISO9001,pengurusan,9.3.2,"Kajian semula pengurusan hendaklah dirancang dan dijalankan dengan mengambil kira:"
ISO9001,pengurusan,9.3.2,"a) status tindakan daripada kajian semula pengurusan yang terdahulu;"
ISO9001,pengurusan,9.3.2,"b) perubahan dalam isu-isu luaran dan dalaman yang relevan dengan sistem pengurusan
kualiti;"
ISO9001,perubahan,9.3.2,"b) perubahan dalam isu-isu luaran dan dalaman yang relevan dengan sistem pengurusan
kualiti;"
ISO9001,pengurusan,9.3.2,"c) maklumat tentang prestasi dan keberkesanan sistem pengurusan kualiti, termasuk trend
dalam:"
ISO9001,prestasi,9.3.2,"c) maklumat tentang prestasi dan keberkesanan sistem pengurusan kualiti, termasuk trend
dalam:"
ISO9001,kesan,9.3.2,"c) maklumat tentang prestasi dan keberkesanan sistem pengurusan kualiti, termasuk trend
dalam:"
ISO9001,pelanggan,9.3.2,"1) kepuasan pelanggan dan maklum balas daripada pihak berkepentingan yang
relevan;"
ISO9001,objektif,9.3.2,"2) takat pencapaian objektif kualiti;"
ISO9001,prestasi,9.3.2,"3) prestasi proses dan keakuran produk dan perkhidmatan;"
ISO9001,ketakakuran,9.3.2,"4) ketakakuran dan tindakan pembetulan;"
ISO9001,ukur,9.3.2,"5) hasil pemantauan dan pengukuran;"
ISO9001,audit,9.3.2,"6) keputusan audit;"
ISO9001,prestasi,9.3.2,"7) prestasi penyedia luar;"
ISO9001,risiko,9.3.2,"e) keberkesanan tindakan yang diambil bagi menangani risiko dan peluang (lihat 6.1);"
ISO9001,kesan,9.3.2,"e) keberkesanan tindakan yang diambil bagi menangani risiko dan peluang (lihat 6.1);"
ISO9001,penambahbaikan,9.3.2,"f) peluang untuk penambahbaikan."
ISO9001,pengurusan,9.3.3,"9.3.3 Output kajian semula pengurusan"
ISO9001,pengurusan,9.3.3,"Output kajian semula pengurusan hendaklah termasuk keputusan dan tindakan yang
berkaitan dengan:"
ISO9001,penambahbaikan,9.3.3,"a) peluang untuk penambahbaikan;"
ISO9001,pengurusan,9.3.3,"b) apa-apa keperluan untuk perubahan kepada sistem pengurusan kualiti;"
ISO9001,perubahan,9.3.3,"b) apa-apa keperluan untuk perubahan kepada sistem pengurusan kualiti;"
ISO9001,pengurusan,9.3.3,"Organisasi hendaklah mengekalkan maklumat didokumentasikan sebagai bukti hasil kajian
semula pengurusan."
ISO9001,penambahbaikan,10,"10 Penambahbaikan"
ISO9001,pelanggan,10.1,"Organisasi hendaklah menentukan dan memilih peluang untuk penambahbaikan, dan
melaksanakan apa-apa tindakan yang perlu, bagi memenuhi keperluan pelanggan dan
meningkatkan kepuasan pelanggan."
ISO9001,penambahbaikan,10.1,"Organisasi hendaklah menentukan dan memilih peluang untuk penambahbaikan, dan
melaksanakan apa-apa tindakan yang perlu, bagi memenuhi keperluan pelanggan dan
meningkatkan kepuasan pelanggan."
ISO9001,kesan,10.1,"b) membetulkan, mencegah atau mengurangkan kesan yang tidak diingini;"
ISO9001,pengurusan,10.1,"c) menambah baik prestasi dan keberkesanan sistem pengurusan kualiti."
ISO9001,prestasi,10.1,"c) menambah baik prestasi dan keberkesanan sistem pengurusan kualiti."
ISO9001,kesan,10.1,"c) menambah baik prestasi dan keberkesanan sistem pengurusan kualiti."
ISO9001,penambahbaikan,10.1,"NOTA. Contoh penambahbaikan boleh termasuk pembetulan, tindakan pembetulan, penambahbaikan
berterusan, perubahan kejayaan besar, inovasi dan penyusunan semula."
ISO9001,perubahan,10.1,"NOTA. Contoh penambahbaikan boleh termasuk pembetulan, tindakan pembetulan, penambahbaikan
berterusan, perubahan kejayaan besar, inovasi dan penyusunan semula."
ISO9001,ketakakuran,10.2,"10.2 Ketakakuran dan tindakan pembetulan"
ISO9001,ketakakuran,10.2.1,"10.2.1 Apabila ketakakuran berlaku, termasuk apa-apa yang timbul daripada aduan,
organisasi hendaklah:"
ISO9001,ketakakuran,10.2.1,"a) bertindak balas terhadap ketakakuran itu dan, jika berkenaan:"
ISO9001,ketakakuran,10.2.1,"b) menilai keperluan untuk mengambil tindakan menghapuskan penyebab ketakakuran,
supaya tidak berulang atau berlaku di tempat lain, dengan cara:"
ISO9001,ketakakuran,10.2.1,"1) menyemak semula dan menganalisis ketakakuran;"
ISO9001,ketakakuran,10.2.1,"2) menentukan penyebab ketakakuran;"
ISO9001,ketakakuran,10.2.1,"3) menentukan jika ketakakuran serupa wujud, atau mungkin boleh berlaku;"
ISO9001,kesan,10.2.1,"d) menyemak semula keberkesanan apa-apa tindakan pembetulan yang diambil;"
ISO9001,risiko,10.2.1,"e) mengemas kini risiko dan peluang yang ditentukan semasa perancangan, jika perlu;"
ISO9001,pengurusan,10.2.1,"f) membuat perubahan dalam sistem pengurusan kualiti, jika perlu."
ISO9001,perubahan,10.2.1,"f) membuat perubahan dalam sistem pengurusan kualiti, jika perlu."
ISO9001,ketakakuran,10.2.1,"Tindakan pembetulan hendaklah bersesuaian dengan kesan ketakakuran yang dihadapi."
ISO9001,kesan,10.2.1,"Tindakan pembetulan hendaklah bersesuaian dengan kesan ketakakuran yang dihadapi."
ISO9001,ketakakuran,10.2.2,"a) keadaan ketakakuran dan apa-apa tindakan susulan yang diambil;"
ISO9001,penambahbaikan,10.3,"10.3 Penambahbaikan berterusan"
ISO9001,pengurusan,10.3,"Organisasi hendaklah secara berterusan menambah baik kesesuaian, kecukupan dan
keberkesanan sistem pengurusan kualiti."
ISO9001,kesan,10.3,"Organisasi hendaklah secara berterusan menambah baik kesesuaian, kecukupan dan
keberkesanan sistem pengurusan kualiti."
ISO9001,pengurusan,10.3,"Organisasi hendaklah mengambil kira keputusan analisis dan penilaian, dan output daripada
kajian semula pengurusan, bagi menentukan jika terdapat keperluan atau peluang yang
sepatutnya ditangani sebagai sebahagian daripada penambahbaikan berterusan."
ISO9001,penambahbaikan,10.3,"Organisasi hendaklah mengambil kira keputusan analisis dan penilaian, dan output daripada
kajian semula pengurusan, bagi menentukan jika terdapat keperluan atau peluang yang
sepatutnya ditangani sebagai sebahagian daripada penambahbaikan berterusan."
ISO9001,pengurusan,A.1,"Struktur klausa (iaitu urutan klausa) dan beberapa istilah edisi Standard Antarabangsa ini,
berbanding dengan edisi terdahulu (ISO 9001:2008), telah diubah untuk menambah baik
sejajar dengan standard sistem pengurusan yang lain."
ISO9001,pengurusan,A.1,"Dalam Standard Antarabangsa ini, tidak ada keperluan supaya struktur dan istilahnya diguna
pakai terhadap maklumat didokumentasikan dalam sistem pengurusan kualiti organisasi."
ISO9001,risiko,A.4,"A.4 Pemikiran berasaskan risiko"
ISO9001,kawalan,A.8,"A.8 Kawalan proses, produk dan perkhidmatan sediaan luar"
ISO9001,pengurusan,A.8,"Standard Antarabangsa lain tentang pengurusan kualiti dan sistem"
ISO9001,pengurusan,A.8,"pengurusan kualiti yang dibangunkan oleh ISO/TC 176"
ISO9001,pengurusan,B.1,"Lampiran ini tidak termasuk rujukan standard sistem pengurusan kualiti sektor khusus yang
dibangunkan oleh ISO/TC 176."
ISO9001,pengurusan,B.1,"Standard Antarabangsa yang digariskan di bawah boleh membantu organisasi apabila
organisasi mewujudkan atau ingin menambah baik sistem kualiti pengurusan, proses atau
aktivitinya."
MK.OA.01,rekod,,"II Rekod Pindaan"
MK.OA.01,senarai,,"III Senarai Pemegang Dokumen"
MK.OA.01,pengurusan,1.2,"Manual Kualiti ini merupakan dokumen generik yang mengandungi maklumat-maklumat di dalam aspek pengurusan kualiti Syarikat sebagaimana berikut:"
MK.OA.01,dasar,1.2," 1.2.2. Menjelaskan secara ringkas Sistem Pengurusan Kualiti MS ISO
 9001:2015 yang dilaksanakan Syarikat;
 
 1.2.3. Menggariskan dasar dan prinsip-prinsip asas bagi
 aktiviti-aktiviti organisasi; dan"
MK.OA.01,pengurusan,1.2," 1.2.2. Menjelaskan secara ringkas Sistem Pengurusan Kualiti MS ISO
 9001:2015 yang dilaksanakan Syarikat;
 
 1.2.3. Menggariskan dasar dan prinsip-prinsip asas bagi
 aktiviti-aktiviti organisasi; dan"
MK.OA.01,operasi,8," Bahagian 8 - Operasi."
MK.OA.01,prestasi,9," Bahagian 9 - Penilaian prestasi.
 
 Bahagian 10 - Penambahbaikan."
MK.OA.01,penambahbaikan,9," Bahagian 9 - Penilaian prestasi.
 
 Bahagian 10 - Penambahbaikan."
MK.OA.01,pelanggan,3.1,"Perkara yang dikemukakan oleh pelanggan mengenai ketidakpuasan hati mereka ke atas pelaksanaan proses perolehan, pemantauan dan penyampaian perkhidmatan projek integrasi sistem Syarikat."
MK.OA.01,risiko,3.2,"3.2 Analisis risiko (Risk analysis)"
MK.OA.01,risiko,3.2,"Penggunaan maklumat secara sistematik untuk mengenal pasti sumber dan menilai risiko."
MK.OA.01,komunikasi,3.3,"Proses mewujudkan sistem maklumat yang mungkin termasuk mereka bentuk, membangunkan aplikasi atau mengubahsuai aplikasi tersedia dan/atau sedia ada dan seterusnya mengintegrasikannya dengan arkitektur, perkakasan dan sistem komunikasi yang baharu dan/atau sedia ada."
MK.OA.01,pelanggan,3.4,"3.4 Maklumbalas Pelanggan"
MK.OA.01,pengurusan,3.5," Pengurus, eksekutif dan staf sokongan yang bertaraf tetap, kontrak atau sambilan yang terlibat dengan pengurusan QMS."
MK.OA.01,pelanggan,3.6,"3.6 Pelanggan"
MK.OA.01,pelanggan,3.6,"Dalam konteks Syarikat dibahagikan kepada dua (2) kategori iaitu: Pelanggan luaran iaitu pembekal dan penerima perkhidmatan; dan pelanggan dalaman."
MK.OA.01,tanggungjawab,3.9,"3.9 Pegawai Integriti
 
Pegawai yang dilantik oleh MD yang bertanggungjawab menguruskan integriti dalam syarikat bagi membendung salahlaku jenayah serta pelanggaran tatakelakuan dan etika di kalangan pegawai syarikat."
MK.OA.01,pengurusan,3.10,"3.10 Wakil Pengurusan"
MK.OA.01,pengurusan,3.10,"Pegawai di peringkat pengurusan Syarikat yang telah dilantik oleh MD sebagai Wakil Pengurusan. MD boleh melantik seorang Timbalan Wakil Pengurusan untuk membantu secara sementara / tetap semasa ketiadaannya."
MK.OA.01,pengurusan,4.1.1," a. Jabatan Pengurusan (Management Dept.);"
MK.OA.01,objektif,4.1.5," 4.1.5 Objektif operasi"
MK.OA.01,operasi,4.1.5," 4.1.5 Objektif operasi"
MK.OA.01,pelanggan,4.2,"Pihak yang berkepentingan Syarikat terdiri dari: 
 a. Pelanggan; 
 b. Pembekal; 
 c. Pegawai dan staf syarikat; dan 
 d. Institusi kewangan."
MK.OA.01,pengurusan,4.3," 4.3 Menentukan skop sistem pengurusan kualiti"
MK.OA.01,pengurusan,4.3,"Senarai isu-isu daripada proses pengurusan risiko sebagaimana di lampiran C.
Carta pemetaan proses bagi skop QMS Syarikat adalah seperti di lampiran D."
MK.OA.01,senarai,4.3,"Senarai isu-isu daripada proses pengurusan risiko sebagaimana di lampiran C.
Carta pemetaan proses bagi skop QMS Syarikat adalah seperti di lampiran D."
MK.OA.01,risiko,4.3,"Senarai isu-isu daripada proses pengurusan risiko sebagaimana di lampiran C.
Carta pemetaan proses bagi skop QMS Syarikat adalah seperti di lampiran D."
MK.OA.01,objektif,4.3,"b. Dasar Kualiti dan Objektif Kualiti;"
MK.OA.01,dasar,4.3,"b. Dasar Kualiti dan Objektif Kualiti;"
MK.OA.01,pengurusan,4.4," 4.4 Sistem pengurusan kualiti dan prosesnya"
MK.OA.01,pengurusan,4.4,"OpenApps Sdn. Bhd. (selepas ini dikenali sebagai Syarikat) perlu mewujud, mendokumen, melaksana dan menyenggara Sistem Pengurusan Kualiti (QMS) dan meningkatkan keberkesanannya secara berterusan selaras dengan keperluan standard. Untuk itu, Syarikat perlu:"
MK.OA.01,kesan,4.4,"OpenApps Sdn. Bhd. (selepas ini dikenali sebagai Syarikat) perlu mewujud, mendokumen, melaksana dan menyenggara Sistem Pengurusan Kualiti (QMS) dan meningkatkan keberkesanannya secara berterusan selaras dengan keperluan standard. Untuk itu, Syarikat perlu:"
MK.OA.01,operasi,4.4,"c. Menentukan kriteria dan kaedah bagi menilai keberkesanan operasi dan kawalan ke atas
proses-proses ini;"
MK.OA.01,kawalan,4.4,"c. Menentukan kriteria dan kaedah bagi menilai keberkesanan operasi dan kawalan ke atas
proses-proses ini;"
MK.OA.01,kesan,4.4,"c. Menentukan kriteria dan kaedah bagi menilai keberkesanan operasi dan kawalan ke atas
proses-proses ini;"
MK.OA.01,penambahbaikan,4.4,"f. Melaksanakan tindakan-tindakan yang perlu bagi memastikan pencapaian matlamat yang
dirancang dan membuat penambahbaikan yang berterusan ke atas proses-proses ini."
MK.OA.01,pengurusan,4.4.1," 4.4.1 Organisasi hendaklah mewujudkan, melaksanakan, menyelenggarakan dan menambah baik secara berterusan sistem pengurusan kualiti"
MK.OA.01,rekod,4.4.1,"Dokumentasi QMS meliputi rekod-rekod mengenai keputusan-keputusan pihak pengurusan Syarikat untuk memastikan tindakan-tindakan berkaitan pengurusan dan dasar dapat dikesan, dan memastikan keputusan yang direkodkan dapat dihasilkan semula. Sistem dokumentasi QMS mengandungi:"
MK.OA.01,dasar,4.4.1,"Dokumentasi QMS meliputi rekod-rekod mengenai keputusan-keputusan pihak pengurusan Syarikat untuk memastikan tindakan-tindakan berkaitan pengurusan dan dasar dapat dikesan, dan memastikan keputusan yang direkodkan dapat dihasilkan semula. Sistem dokumentasi QMS mengandungi:"
MK.OA.01,pengurusan,4.4.1,"Dokumentasi QMS meliputi rekod-rekod mengenai keputusan-keputusan pihak pengurusan Syarikat untuk memastikan tindakan-tindakan berkaitan pengurusan dan dasar dapat dikesan, dan memastikan keputusan yang direkodkan dapat dihasilkan semula. Sistem dokumentasi QMS mengandungi:"
MK.OA.01,kesan,4.4.1,"Dokumentasi QMS meliputi rekod-rekod mengenai keputusan-keputusan pihak pengurusan Syarikat untuk memastikan tindakan-tindakan berkaitan pengurusan dan dasar dapat dikesan, dan memastikan keputusan yang direkodkan dapat dihasilkan semula. Sistem dokumentasi QMS mengandungi:"
MK.OA.01,operasi,4.4.1,"c. Dokumen-dokumen yang diperlukan oleh bagi memastikan perancangan, operasi dan kawalan ke atas proses dijalankan dengan berkesan; dan"
MK.OA.01,kawalan,4.4.1,"c. Dokumen-dokumen yang diperlukan oleh bagi memastikan perancangan, operasi dan kawalan ke atas proses dijalankan dengan berkesan; dan"
MK.OA.01,kesan,4.4.1,"c. Dokumen-dokumen yang diperlukan oleh bagi memastikan perancangan, operasi dan kawalan ke atas proses dijalankan dengan berkesan; dan"
MK.OA.01,rekod,4.4.1,"d. Rekod-rekod yang diperlukan oleh standard MS ISO 9001:2015."
MK.OA.01,pengurusan,4.4.2,"Pengurusan atasan Syarikat sentiasa komited untuk memastikan keperluan-keperluan berikut dilaksanakan:"
MK.OA.01,operasi,4.4.2,"a. menyelenggarakan maklumat didokumentasikan bagi menyokong operasi prosesnya;"
MK.OA.01,komitmen,5.1," 5.1 Kepimpinan dan komitmen"
MK.OA.01,pengurusan,5.1.1,"Pengurusan atasan Syarikat sentiasa komited kepada pembangunan dan perlaksanaan QMS MS ISO 9001:2015, dan sentiasa berusaha secara berterusan untuk menambahbaik sistem bagi menjamin keberkesanannya dengan;"
MK.OA.01,kesan,5.1.1,"Pengurusan atasan Syarikat sentiasa komited kepada pembangunan dan perlaksanaan QMS MS ISO 9001:2015, dan sentiasa berusaha secara berterusan untuk menambahbaik sistem bagi menjamin keberkesanannya dengan;"
MK.OA.01,pelanggan,5.1.1,"a. Memastikan semua kakitangan memahami dan menghayati akan pentingnya kehendak pelanggan dipenuhi serta keperluan perundangan dan peraturan dipatuhi;"
MK.OA.01,objektif,5.1.1,"b. Mewujud dan meluluskan Dasar dan Objektif Kualiti (sila rujuk seksyen 5.2 dan 6.2); Memastikan semua kakitangan sentiasa memahami Dasar Kualiti dan Objektif Kualiti bagi mematuhi QMS MS ISO 9001:2015;"
MK.OA.01,dasar,5.1.1,"b. Mewujud dan meluluskan Dasar dan Objektif Kualiti (sila rujuk seksyen 5.2 dan 6.2); Memastikan semua kakitangan sentiasa memahami Dasar Kualiti dan Objektif Kualiti bagi mematuhi QMS MS ISO 9001:2015;"
MK.OA.01,pengurusan,5.1.1,"c. Mengadakan Kajian Semula Pengurusan (sila rujuk seksyen 9.3); dan"
MK.OA.01,ralat,5.1.1,"d. Memastikan sumber tenaga manusia dan kewangan mengikut bidang atau kepakaran serta kemudahan peralatan dan ruang fizikal yang mencukupi."
MK.OA.01,pengurusan,5.1.1,"Pengurusan Syarikat akan memastikan:"
MK.OA.01,objektif,5.1.1,"a. Perancangan QMS diwujudkan dan dilaksanakan untuk mencapai objektif kualiti yang telah ditetapkan;"
MK.OA.01,pelanggan,5.1.1,"b. Pelan Kualiti dan Dokumen Kualiti yang diwujudkan, dilaksanakan bagi memenuhi kehendak pelanggan;"
MK.OA.01,objektif,5.1.1,"c. Penyediaan Pelan Kualiti dan arahan kerja (di mana perlu), untuk menetapkan bagaimana objektif kualiti akan dicapai; dan"
MK.OA.01,pelanggan,5.1.2," 5.1.2 Fokus kepada pelanggan"
MK.OA.01,pengurusan,5.1.2,"Pengurusan Syarikat akan memastikan keperluan pelanggan dikenalpasti, difahami dan dipenuhi dengan tujuan mempertingkatkan lagi kepuasan pelanggan melalui;"
MK.OA.01,pelanggan,5.1.2,"Pengurusan Syarikat akan memastikan keperluan pelanggan dikenalpasti, difahami dan dipenuhi dengan tujuan mempertingkatkan lagi kepuasan pelanggan melalui;"
MK.OA.01,pelanggan,5.1.2,"5.2.1 Mewujud dan menyelenggarakan Piagam Pelanggan;"
MK.OA.01,pelanggan,5.1.2,"5.2.2 Mewujudkan kaedah bagi pengendalian maklumbalas pelanggan serta cadangan-cadangan
daripada pelanggan berhubung dengan perkhidmatan yang diberikan;"
MK.OA.01,dasar,5.1.2,"5.2.3 Sentiasa mengkaji kehendak pelanggan bagi memastikan keperluan pelanggan dipenuhi berlandaskan dasar dan peraturan baharu yang diperkenalkan dari masa ke semasa; dan"
MK.OA.01,pelanggan,5.1.2,"5.2.3 Sentiasa mengkaji kehendak pelanggan bagi memastikan keperluan pelanggan dipenuhi berlandaskan dasar dan peraturan baharu yang diperkenalkan dari masa ke semasa; dan"
MK.OA.01,pelanggan,5.1.2,"5.2.4 Sebarang keperluan baharu daripada pelanggan hendaklah diberi keutamaan selagi ianya tidak bercanggah dengan keperluan perundangan, misi dan visi Syarikat."
MK.OA.01,pelanggan,5.1.2,"Piagam pelanggan OA dinyatakan seperti berikut:"
MK.OA.01,dasar,5.2," 5.2 Dasar"
MK.OA.01,dasar,5.2.1," 5.2.1 Membangunkan dasar kualiti dan dasar integriti, akauntabiliti dan anti-rasuah"
MK.OA.01,dasar,5.2.1,"Syarikat telah menggubal dasar kualiti yang berikut;"
MK.OA.01,dasar,5.2.1,"Dasar Integriti, Akauntabiliti dan Anti-Rasuah"
MK.OA.01,dasar,5.2.1,"Syarikat mengamalkan budaya kerja unggul dengan ciri-ciri moral dan etika yang kukuh, oleh itu Syarikat telah menggubal dasar integriti, akauntabiliti dan anti-rasuah sebagai pandu arah di dalam setiap urusniaga;"
MK.OA.01,pelanggan,5.2.1," '**OpenApps Sdn. Bhd. berpegang kepada nilai-nilai murni integriti dan akauntabiliti, dengan itu secara tegas menolak amalan-amalan rasuah untuk menjaga kredibiliti dan kepercayaan pelanggan kepada syarikat**'."
MK.OA.01,dasar,5.2.2,"5.2.2 Mengkomunikasikan dasar kualiti dan dasar integriti"
MK.OA.01,komunikasi,5.2.2,"5.2.2 Mengkomunikasikan dasar kualiti dan dasar integriti"
MK.OA.01,dasar,5.2.2,"Pengurusan Syarikat hendaklah memastikan dasar kualiti; dan dasar integriti, akauntabiliti dan anti-rasuah sentiasa:"
MK.OA.01,pengurusan,5.2.2,"Pengurusan Syarikat hendaklah memastikan dasar kualiti; dan dasar integriti, akauntabiliti dan anti-rasuah sentiasa:"
MK.OA.01,pengurusan,5.2.2,"c. Mempastikan ia dibawa ke dalam agenda Kajian Semula Pengurusan untuk mencapai kepuasan pelanggan yang berterusan;"
MK.OA.01,pelanggan,5.2.2,"c. Mempastikan ia dibawa ke dalam agenda Kajian Semula Pengurusan untuk mencapai kepuasan pelanggan yang berterusan;"
MK.OA.01,penambahbaikan,5.2.2,"d. Melaksanakan penambahbaikan bagi meningkatkan keberkesanan sistem secara berterusan;"
MK.OA.01,kesan,5.2.2,"d. Melaksanakan penambahbaikan bagi meningkatkan keberkesanan sistem secara berterusan;"
MK.OA.01,objektif,5.2.2,"f. Mempastikan kedua-dua dasar digunapakai sebagai asas untuk merangka objektif kualiti."
MK.OA.01,dasar,5.2.2,"f. Mempastikan kedua-dua dasar digunapakai sebagai asas untuk merangka objektif kualiti."
MK.OA.01,tanggungjawab,5.3," 5.3 Peranan, tanggungjawab dan bidang kuasa organisasi"
MK.OA.01,tanggungjawab,5.3.1," 5.3.1 Tanggungjawab dan kuasa"
MK.OA.01,pengurusan,5.3.1,"Pengurusan Syarikat hendaklah mengenalpasti dan mendokumenkan tanggungjawab dan tugas-tugas setiap kakitangan. Tanggungjawab kakitangan dijelaskan melalui carta organisasi, senarai tugas, Fail Meja dan Piagam Pelanggan Syarikat."
MK.OA.01,tanggungjawab,5.3.1,"Pengurusan Syarikat hendaklah mengenalpasti dan mendokumenkan tanggungjawab dan tugas-tugas setiap kakitangan. Tanggungjawab kakitangan dijelaskan melalui carta organisasi, senarai tugas, Fail Meja dan Piagam Pelanggan Syarikat."
MK.OA.01,senarai,5.3.1,"Pengurusan Syarikat hendaklah mengenalpasti dan mendokumenkan tanggungjawab dan tugas-tugas setiap kakitangan. Tanggungjawab kakitangan dijelaskan melalui carta organisasi, senarai tugas, Fail Meja dan Piagam Pelanggan Syarikat."
MK.OA.01,pelanggan,5.3.1,"Pengurusan Syarikat hendaklah mengenalpasti dan mendokumenkan tanggungjawab dan tugas-tugas setiap kakitangan. Tanggungjawab kakitangan dijelaskan melalui carta organisasi, senarai tugas, Fail Meja dan Piagam Pelanggan Syarikat."
MK.OA.01,pengurusan,5.3.2," 5.3.2 Wakil Pengurusan"
MK.OA.01,pengurusan,5.3.2,"MD hendaklah melantik Wakil Pengurusan yang akan mempunyai tanggungjawab berikut:"
MK.OA.01,tanggungjawab,5.3.2,"MD hendaklah melantik Wakil Pengurusan yang akan mempunyai tanggungjawab berikut:"
MK.OA.01,pengurusan,5.3.2,"b. Melapor kepada Pengurusan Syarikat mengenai kemajuan QMS;"
MK.OA.01,penambahbaikan,5.3.2,"c. Memastikan kesedaran ke atas usaha-usaha penambahbaikan dimaklumkan kepada kakitangan;dan"
MK.OA.01,pengurusan,5.3.2,"MD/Wakil Pengurusan boleh melantik seorang Timbalan Wakil Pengurusan yang akan bertanggungjawab membantu tugas Wakil Pengurusan secara sementara/tetap semasa ketiadaannya."
MK.OA.01,tanggungjawab,5.3.2,"MD/Wakil Pengurusan boleh melantik seorang Timbalan Wakil Pengurusan yang akan bertanggungjawab membantu tugas Wakil Pengurusan secara sementara/tetap semasa ketiadaannya."
MK.OA.01,risiko,6.1," 6.1 Tindakan menyatakan risiko dan peluang"
MK.OA.01,objektif,6.1,"6.1.1 Syarikat setelah mengambil kira serta mempertimbangkan isu yang disebutkan dalam 4.1 dan keperluan yang disebutkan dalam 4.2 telah menentukan risiko dan peluang seperti di lampiran H. Penilaian dan pengurusan risiko dilaksanakan bagi mencapai objektif-objektif berikut:"
MK.OA.01,pengurusan,6.1,"6.1.1 Syarikat setelah mengambil kira serta mempertimbangkan isu yang disebutkan dalam 4.1 dan keperluan yang disebutkan dalam 4.2 telah menentukan risiko dan peluang seperti di lampiran H. Penilaian dan pengurusan risiko dilaksanakan bagi mencapai objektif-objektif berikut:"
MK.OA.01,risiko,6.1,"6.1.1 Syarikat setelah mengambil kira serta mempertimbangkan isu yang disebutkan dalam 4.1 dan keperluan yang disebutkan dalam 4.2 telah menentukan risiko dan peluang seperti di lampiran H. Penilaian dan pengurusan risiko dilaksanakan bagi mencapai objektif-objektif berikut:"
MK.OA.01,pengurusan,6.1,"a. memberi jaminan bahawa sistem pengurusan kualiti boleh mencapai hasil yang
dimaksudkan;"
MK.OA.01,kesan,6.1,"b. meningkatkan kesan yang diingini;"
MK.OA.01,kesan,6.1,"c. mencegah, atau mengurangkan kesan yang tidak diingini;"
MK.OA.01,penambahbaikan,6.1,"d. mencapai penambahbaikan."
MK.OA.01,risiko,6.1,"a. tindakan menyatakan risiko dan peluang;"
MK.OA.01,pengurusan,6.1,"1) mengintegrasikan, dan melaksanakan tindakan itu ke dalam proses sistem pengurusan kualiti (lihat 4.4); 
2) menilai keberkesanan tindakan ini."
MK.OA.01,kesan,6.1,"1) mengintegrasikan, dan melaksanakan tindakan itu ke dalam proses sistem pengurusan kualiti (lihat 4.4); 
2) menilai keberkesanan tindakan ini."
MK.OA.01,risiko,6.1,"Tindakan yang diambil untuk menyatakan risiko dan peluang hendaklah setimpal dengan kesan yang mungkin wujud terhadap keakuran produk dan perkhidmatan."
MK.OA.01,kesan,6.1,"Tindakan yang diambil untuk menyatakan risiko dan peluang hendaklah setimpal dengan kesan yang mungkin wujud terhadap keakuran produk dan perkhidmatan."
MK.OA.01,objektif,6.2," 6.2 Objektif kualiti dan perancangan untuk mencapainya (Lihat Pengurusan Strategi dan prestasi)"
MK.OA.01,pengurusan,6.2," 6.2 Objektif kualiti dan perancangan untuk mencapainya (Lihat Pengurusan Strategi dan prestasi)"
MK.OA.01,prestasi,6.2," 6.2 Objektif kualiti dan perancangan untuk mencapainya (Lihat Pengurusan Strategi dan prestasi)"
MK.OA.01,objektif,6.2.1," 6.2.1 Objektif kualiti pada fungsi, aras dan proses yang relevan yang diperlukan"
MK.OA.01,objektif,6.2.1,"Syarikat hendaklah mewujudkan objektif kualiti pada fungsi, aras dan proses yang relevan yang diperlukan untuk sistem pengurusan kualiti. Objektif kualiti hendaklah:"
MK.OA.01,pengurusan,6.2.1,"Syarikat hendaklah mewujudkan objektif kualiti pada fungsi, aras dan proses yang relevan yang diperlukan untuk sistem pengurusan kualiti. Objektif kualiti hendaklah:"
MK.OA.01,dasar,6.2.1,"a. tekal dengan dasar kualiti;"
MK.OA.01,ukur,6.2.1,"b. boleh diukur;"
MK.OA.01,pelanggan,6.2.1,"d. relevan dengan keakuran produk dan perkhidmatan, dan peningkatan kepuasan pelanggan;"
MK.OA.01,komunikasi,6.2.1,"f. dikomunikasikan;"
MK.OA.01,objektif,6.2.2,"6.2.2 Strategi dan perancangan untuk mencapai objektif kualiti"
MK.OA.01,perubahan,6.3," 6.3 Merancang perubahan"
MK.OA.01,perubahan,6.3,"a. tujuan perubahan dan kesan yang mungkin timbul;"
MK.OA.01,kesan,6.3,"a. tujuan perubahan dan kesan yang mungkin timbul;"
MK.OA.01,pengurusan,6.3,"b. integriti sistem pengurusan kualiti;"
MK.OA.01,tanggungjawab,6.3,"d. pengagihan atau pengagihan semula tanggungjawab dan bidang kuasa."
MK.OA.01,pengurusan,7.1.1,"Pihak pengurusan Syarikat akan menentukan dan menyediakan sumber yang diperlukan bagi mewujudkan, melaksanakan, menyelenggarakan, dan menambah baik secara berterusan sistem pengurusan kualiti."
MK.OA.01,pengurusan,7.1.2.1,"Syarikat hendaklah mempastikan kakitangan-kakitangan mempunyai kemahiran dan kepakaran dalam bidang kerja yang dipertanggungjawabkan. Keperluan sumber manusia hendaklah dirancang mengikut proses yang ditetapkan oleh MD dan pihak pengurusan."
MK.OA.01,tanggungjawab,7.1.2.1,"Syarikat hendaklah mempastikan kakitangan-kakitangan mempunyai kemahiran dan kepakaran dalam bidang kerja yang dipertanggungjawabkan. Keperluan sumber manusia hendaklah dirancang mengikut proses yang ditetapkan oleh MD dan pihak pengurusan."
MK.OA.01,pengurusan,7.1.3,"Pihak pengurusan Syarikat komited dalam menyediakan kemudahan prasarana bagi mengendalikan proses perolehan pemantauan dan penyampaian perkhidmatan projek integrasi sistem yang cekap dan berkesan. Kemudahan prasarana dan penyelenggaraan termasuk:"
MK.OA.01,kesan,7.1.3,"Pihak pengurusan Syarikat komited dalam menyediakan kemudahan prasarana bagi mengendalikan proses perolehan pemantauan dan penyampaian perkhidmatan projek integrasi sistem yang cekap dan berkesan. Kemudahan prasarana dan penyelenggaraan termasuk:"
MK.OA.01,ralat,7.1.3,"b. Peralatan berkaitan perkakasan dan perisian sistem maklumat yang digunakan;"
MK.OA.01,komunikasi,7.1.3,"d. Kemudahan komunikasi; dan"
MK.OA.01,operasi,7.1.4.,"7.1.4. Persekitaran untuk operasi proses"
MK.OA.01,ukur,7.1.5,"7.1.5 Sumber pemantauan dan pengukuran"
MK.OA.01,ukur,7.1.5.2,"7.1.5.2 Kebolehkesanan pengukuran"
MK.OA.01,kesan,7.1.5.2,"7.1.5.2 Kebolehkesanan pengukuran"
MK.OA.01,pengurusan,7.1.5.2,"Pengurusan Syarikat tidak menggunapakai Seksyen 7.1.5 iaitu sumber pemantauan dan pengukuran kerana perkhidmatan yang diberikan kepada pelanggan tidak melibatkan sebarang alatan pengukuran."
MK.OA.01,ukur,7.1.5.2,"Pengurusan Syarikat tidak menggunapakai Seksyen 7.1.5 iaitu sumber pemantauan dan pengukuran kerana perkhidmatan yang diberikan kepada pelanggan tidak melibatkan sebarang alatan pengukuran."
MK.OA.01,pelanggan,7.1.5.2,"Pengurusan Syarikat tidak menggunapakai Seksyen 7.1.5 iaitu sumber pemantauan dan pengukuran kerana perkhidmatan yang diberikan kepada pelanggan tidak melibatkan sebarang alatan pengukuran."
MK.OA.01,kompeten,7.2,"7.2 Kekompetenan"
MK.OA.01,pengurusan,7.2,"Pihak pengurusan Syarikat akan memastikan semua kakitangan Syarikat yang berkenaan adalah cekap untuk melaksanakan tugas-tugas serta jelas mengenai tanggungjawab seperti dikehendaki oleh standard. Pengurusan Syarikat hendaklah:"
MK.OA.01,tanggungjawab,7.2,"Pihak pengurusan Syarikat akan memastikan semua kakitangan Syarikat yang berkenaan adalah cekap untuk melaksanakan tugas-tugas serta jelas mengenai tanggungjawab seperti dikehendaki oleh standard. Pengurusan Syarikat hendaklah:"
MK.OA.01,kesan,7.2,"b. Menilai keberkesanan latihan yang diikuti oleh warga Syarikat;"
MK.OA.01,rekod,7.2,"d. Menyelenggara rekod-rekod pengendalian latihan, keterampilan dan kelayakan;"
MK.OA.01,kawalan,7.3,"Pengurusan Syarikat bertanggungjawab memastikan bahawa pegawai dan staf di bawah kawalannya mengetahui tentang:"
MK.OA.01,pengurusan,7.3,"Pengurusan Syarikat bertanggungjawab memastikan bahawa pegawai dan staf di bawah kawalannya mengetahui tentang:"
MK.OA.01,tanggungjawab,7.3,"Pengurusan Syarikat bertanggungjawab memastikan bahawa pegawai dan staf di bawah kawalannya mengetahui tentang:"
MK.OA.01,dasar,7.3," a. dasar kualiti;"
MK.OA.01,objektif,7.3," b. objektif kualiti yang relevan;"
MK.OA.01,pengurusan,7.3," c. sumbangan mereka kepada keberkesanan sistem pengurusan kualiti, termasuk manfaat prestasi yang ditambah baik; dan"
MK.OA.01,prestasi,7.3," c. sumbangan mereka kepada keberkesanan sistem pengurusan kualiti, termasuk manfaat prestasi yang ditambah baik; dan"
MK.OA.01,kesan,7.3," c. sumbangan mereka kepada keberkesanan sistem pengurusan kualiti, termasuk manfaat prestasi yang ditambah baik; dan"
MK.OA.01,pengurusan,7.3," d. implikasi jika tidak mengakuri keperluan sistem pengurusan kualiti."
MK.OA.01,komunikasi,7.4,"7.4 Komunikasi"
MK.OA.01,pengurusan,7.4,"Pengurusan Syarikat memastikan kaedah komunikasi dalaman yang sesuai diwujudkan melalui instrumen berikut:"
MK.OA.01,komunikasi,7.4,"Pengurusan Syarikat memastikan kaedah komunikasi dalaman yang sesuai diwujudkan melalui instrumen berikut:"
MK.OA.01,kawalan,7.5.2,"Kawalan Dokumen"
MK.OA.01,kawalan,7.5.2," Prosedur bagi kawalan dokumen disediakan meliputi perkara-perkara berikut:"
MK.OA.01,perubahan,7.5.2,"c. Memastikan perubahan dan status dokumen terkini dikenalpasti;"
MK.OA.01,kawalan,7.5.2," Kawalan Ke Atas Dokumen dilaksanakan sebagaimana berikut:"
MK.OA.01,kawalan,7.5.2,"a. Dokumen Kualiti yang perlu dikawal ialah Manual Kualiti, Prosedur Kualiti, Arahan Kerja dan Dokumen-dokumen Sokongan termasuk kawalan ke atas dokumen luaran."
MK.OA.01,tanggungjawab,7.5.2,"d. Pemegang dokumen dan nombor salinan dokumen dikenalpasti melalui senarai edaran. Senarai edaran diselenggarakan oleh Pengurus Dokumen. Pemegang Dokumen adalah dipertanggungjawabkan untuk mengemaskini pindaan terkini dalam Dokumen Terkawal yang diedarkan sebelum ini."
MK.OA.01,senarai,7.5.2,"d. Pemegang dokumen dan nombor salinan dokumen dikenalpasti melalui senarai edaran. Senarai edaran diselenggarakan oleh Pengurus Dokumen. Pemegang Dokumen adalah dipertanggungjawabkan untuk mengemaskini pindaan terkini dalam Dokumen Terkawal yang diedarkan sebelum ini."
MK.OA.01,senarai,7.5.2,"e. Dokumen Kualiti yang perlu diedarkan kepada Eksekutif sepertimana senarai pemegang dokumen terkawal di muka surat 6 ditanda sebagai **SALINAN DOKUMEN TERKAWAL** di setiap muka surat dokumen."
MK.OA.01,senarai,7.5.2,"f. Satu senarai induk yang mengandungi semua dokumen kualiti yang digunakan dalam QMS berkenaan disediakan di dalam Manual Kualiti di lampiran E, F dan G. Senarai ini hendaklah dikemaskini dari semasa ke semasa apabila berlaku perubahan."
MK.OA.01,perubahan,7.5.2,"f. Satu senarai induk yang mengandungi semua dokumen kualiti yang digunakan dalam QMS berkenaan disediakan di dalam Manual Kualiti di lampiran E, F dan G. Senarai ini hendaklah dikemaskini dari semasa ke semasa apabila berlaku perubahan."
MK.OA.01,senarai,7.5.2,"g. Seorang Pengurus Dokumen hendaklah dilantik oleh MD bagi menyelenggara naskah dokumen Terkawal, menyelaras pindaan dokumen dan edaran serta mengemaskini senarai edaran dokumen."
MK.OA.01,pengurusan,7.5.2,"c. Wakil Pengurusan bertanggungjawab mengedarkan semua pindaan kepada Pengurus Dokumen. Pengurus Dokumen bertanggungjawab mengemaskini dan memasukkan semua pindaan berkaitan dan mengeluarkan dokumen yang dibatalkan serta melupuskannya mengikut kaedah yang ditetapkan oleh MD."
MK.OA.01,tanggungjawab,7.5.2,"c. Wakil Pengurusan bertanggungjawab mengedarkan semua pindaan kepada Pengurus Dokumen. Pengurus Dokumen bertanggungjawab mengemaskini dan memasukkan semua pindaan berkaitan dan mengeluarkan dokumen yang dibatalkan serta melupuskannya mengikut kaedah yang ditetapkan oleh MD."
MK.OA.01,pengurusan,7.5.2,"d. Jika keseluruhan Dokumen Terkawal dipinda, dokumen asal perlu dikembalikan kepada Wakil Pengurusan dan digantikan dengan Dokumen Terkawal yang terkini."
MK.OA.01,senarai,7.5.2,"e. Satu salinan Dokumen Terkawal asal yang tidak dipinda perlu disimpan dan ditanda **BATAL** dengan dakwat berwarna **MERAH.** Senarai Pindaan yang berkaitan juga perlu dikemaskini."
MK.OA.01,operasi,8.1.,"8.1. Perancangan dan kawalan operasi"
MK.OA.01,kawalan,8.1.,"8.1. Perancangan dan kawalan operasi"
MK.OA.01,objektif,8.1.,"8.1.1 Objektif Kualiti dan Dasar Kualiti bagi proses perolehan, pemantauan dan penyampaian perkhidmatan projek integrasi sistem yang terlibat;"
MK.OA.01,dasar,8.1.,"8.1.1 Objektif Kualiti dan Dasar Kualiti bagi proses perolehan, pemantauan dan penyampaian perkhidmatan projek integrasi sistem yang terlibat;"
MK.OA.01,rekod,8.1.,"8.1.4 Rekod-rekod yang diperlukan diselenggarakan sebagai bukti dari perlaksanaan QMS MS ISO 9001:2015; dan"
MK.OA.01,komunikasi,8.2.1,"8.2.1 Komunikasi dengan pelanggan"
MK.OA.01,pelanggan,8.2.1,"8.2.1 Komunikasi dengan pelanggan"
MK.OA.01,pengurusan,8.2.1,"Pengurusan Syarikat akan menyediakan kemudahan komunikasi yang terancang dan berkesan dengan pelanggan melalui:"
MK.OA.01,komunikasi,8.2.1,"Pengurusan Syarikat akan menyediakan kemudahan komunikasi yang terancang dan berkesan dengan pelanggan melalui:"
MK.OA.01,pelanggan,8.2.1,"Pengurusan Syarikat akan menyediakan kemudahan komunikasi yang terancang dan berkesan dengan pelanggan melalui:"
MK.OA.01,kesan,8.2.1,"Pengurusan Syarikat akan menyediakan kemudahan komunikasi yang terancang dan berkesan dengan pelanggan melalui:"
MK.OA.01,pengurusan,8.2.2,"Pengurusan Syarikat akan menentukan bahawa proses perolehan, pemantauan projek dan penyampaian perkhidmatan integrasi sistem dijalankan meliputi perkara-perkara berikut:"
MK.OA.01,pelanggan,8.2.2,"a. Memastikan keperluan dinyatakan oleh pelanggan yang meliputi proses penerimaan dan selepas penerimaan perkhidmatan yang disampaikan;"
MK.OA.01,pelanggan,8.2.2,"b. Keperluan yang tidak dinyatakan oleh pelanggan dan didapati perlu untuk dinyatakan;"
MK.OA.01,pengurusan,8.2.3,"Pengurusan Syarikat akan mengkaji semula kehendak-kehendak pelanggan sebelum memberi sesuatu perkhidmatan pelanggan. Kajian semula ini sekurang-kurangnya mengandungi ciri-ciri berikut:"
MK.OA.01,pelanggan,8.2.3,"Pengurusan Syarikat akan mengkaji semula kehendak-kehendak pelanggan sebelum memberi sesuatu perkhidmatan pelanggan. Kajian semula ini sekurang-kurangnya mengandungi ciri-ciri berikut:"
MK.OA.01,pelanggan,8.2.3,"a. Kajian semula keperluan proses perolehan, pemantauan projek dan penyampaian perkhidmatan projek integrasi sistem mengambil kira cadangan-cadangan pelanggan selagi ia tidak bercanggah dengan Akta dan Peraturan yang berkaitan;"
MK.OA.01,pengurusan,8.2.3,"c. Pengurusan Syarikat hendaklah mengambil kira semua keperluan-keperluan terkini yang ditetapkan dari semasa ke semasa."
MK.OA.01,perubahan,8.2.4,"8.2.4 Perubahan keperluan untuk produk dan perkhidmatan"
MK.OA.01,pengurusan,8.2.4,"Pengurusan Syarikat hendaklah memastikan bahawa maklumat didokumentasikan yang relevan dipinda, dan bahawa orang yang berkaitan dimaklumkan tentang keperluan yang berubah,
apabila keperluan untuk produk dan perkhidmatan diubah."
MK.OA.01,pengurusan,8.3,"Pengurusan Syarikat tidak menggunapakai Seksyen 8.3 iaitu rekabentuk dan pembangunan produk dan perkhidmatan kerana perkhidmatan yang diberikan kepada pelanggan tidak melibatkan sebarang aktiviti rekabentuk."
MK.OA.01,pelanggan,8.3,"Pengurusan Syarikat tidak menggunapakai Seksyen 8.3 iaitu rekabentuk dan pembangunan produk dan perkhidmatan kerana perkhidmatan yang diberikan kepada pelanggan tidak melibatkan sebarang aktiviti rekabentuk."
MK.OA.01,kawalan,8.4,"8.4 Kawalan terhadap proses, produk dan perkhidmatan sediaan luar"
MK.OA.01,pengurusan,8.4,"Pengurusan Syarikat tidak menggunapakai Seksyen 8.4 iaitu rekabentuk dan pembangunan produk dan perkhidmatan kerana perkhidmatan yang diberikan kepada pelanggan tidak melibatkan sebarang aktiviti rekabentuk."
MK.OA.01,pelanggan,8.4,"Pengurusan Syarikat tidak menggunapakai Seksyen 8.4 iaitu rekabentuk dan pembangunan produk dan perkhidmatan kerana perkhidmatan yang diberikan kepada pelanggan tidak melibatkan sebarang aktiviti rekabentuk."
MK.OA.01,pengurusan,8.4,"Pengurusan Syarikat hendaklah melaksanakan dan menyelenggara prosedur-prosedur yang telah didokumenkan bagi menentukan produk dan perkhidmatan yang diperolehi secara pembelian sentiasa memenuhi keperluan dan perundangan yang berkuat kuasa."
MK.OA.01,pengurusan,8.4.1,"Pengurusan Syarikat hendaklah menguruskan aktiviti perolehan bekalan produk dan perkhidmatan mengikut peraturan kewangan yang ditetapkan oleh Perbendaharaan Malaysia melalui kaedah-kaedah berikut:"
MK.OA.01,kawalan,8.5.1,"8.5.1 Kawalan penyediaan pengeluaran dan perkhidmatan"
MK.OA.01,ralat,8.5.1,"c. Penggunaan peralatan yang sesuai;"
MK.OA.01,pengurusan,8.5.1,"f. Memastikan kakitangan yang terlibat dalam proses perolehan, pemantauan projek dan penyampaian perkhidmatan integrasi sistem adalah terlatih, mahir dan berkualiti serta memastikan kakitangan yang terlibat sentiasa memenuhi keperluan kualiti yang ditetapkan oleh pengurusan Syarikat; dan"
MK.OA.01,pelanggan,8.5.1,"g. Menyediakan maklumat mengenai proses perolehan, pemantauan projek dan penyampaian perkhidmatan integrasi sistem untuk keperluan pelanggan."
MK.OA.01,kesan,8.5.2,"8.5.2 Pengenalpastian dan kebolehkesanan"
MK.OA.01,ralat,8.5.2,"d. Menyediakan peralatan yang bersesuaian dan mencukupi."
MK.OA.01,rekod,8.5.2,"Syarikat hendaklah mengenalpasti dan mewujudkan rekod bagi tujuan identifikasi dan kemudahkesanan penyimpanan dokumen. Penyusunan dokumen-dokumen di dalam rak dikesan melalui nombor panggilan."
MK.OA.01,kesan,8.5.2,"Syarikat hendaklah mengenalpasti dan mewujudkan rekod bagi tujuan identifikasi dan kemudahkesanan penyimpanan dokumen. Penyusunan dokumen-dokumen di dalam rak dikesan melalui nombor panggilan."
MK.OA.01,pelanggan,8.5.3,"8.5.3 Harta kepunyaan pelanggan atau penyedia luar"
MK.OA.01,pengurusan,8.5.3,"Pengurusan Syarikat tidak menyimpan harta milik pelanggan."
MK.OA.01,pelanggan,8.5.3,"Pengurusan Syarikat tidak menyimpan harta milik pelanggan."
MK.OA.01,pengurusan,8.5.4,"Pengurusan Syarikat bertanggungjawab mewujudkan prosedur penyimpanan dokumen di Bilik Fail bagi mengelakkan kerosakan dan memudahkan dokumen diperolehi apabila diperlukan. Semua bahan disimpan dalam persekitaran yang sesuai untuk mengelak kerosakan."
MK.OA.01,tanggungjawab,8.5.4,"Pengurusan Syarikat bertanggungjawab mewujudkan prosedur penyimpanan dokumen di Bilik Fail bagi mengelakkan kerosakan dan memudahkan dokumen diperolehi apabila diperlukan. Semua bahan disimpan dalam persekitaran yang sesuai untuk mengelak kerosakan."
MK.OA.01,pengurusan,8.5.5,"Pengurusan Syarikat hendaklah memenuhi keperluan bagi aktiviti selepas hantar serah yang berkaitan dengan produk dan perkhidmatan."
MK.OA.01,pelanggan,8.5.5,"d. keperluan pelanggan;"
MK.OA.01,pelanggan,8.5.5,"e. maklum balas pelanggan."
MK.OA.01,kawalan,8.5.6,"8.5.6 Kawalan perubahan"
MK.OA.01,perubahan,8.5.6,"8.5.6 Kawalan perubahan"
MK.OA.01,pengurusan,8.6,"Pengurusan Syarikat hendaklah melaksanakan perkiraan terancang, pada tahap yang sesuai, untuk menentusahkan bahawa keperluan produk dan perkhidmatan telah dipenuhi."
MK.OA.01,pelanggan,8.6,"Pelepasan produk dan perkhidmatan kepada pelanggan tidak perlu diteruskan sehingga perkiraan terancang disiapkan dengan memuaskan, melainkan jika diluluskan sebaliknya oleh pihak berkuasa yang relevan dan, jika berkenaan, oleh pelanggan."
MK.OA.01,pengurusan,8.6,"Pengurusan Syarikat hendaklah mengekalkan maklumat didokumentasikan tentang pelepasan produk dan perkhidmatan. Maklumat didokumentasikan ini hendaklah termasuk:"
MK.OA.01,kesan,8.6,"b) kebolehkesanan orang yang membenarkan pelepasan."
MK.OA.01,kawalan,8.7,"8.7 Kawalan output tak akur"
MK.OA.01,ketakakuran,8.7.2,"a. memerihalkan ketakakuran;"
MK.OA.01,ketakakuran,8.7.2,"d. mengenal pasti kuasa yang memutuskan tindakan berkenaan dengan ketakakuran."
MK.OA.01,prestasi,9.0," 9.0 Penilaian prestasi"
MK.OA.01,ukur,9.1," 9.1 Pemantauan, pengukuran, analisis dan penilaian"
MK.OA.01,pelanggan,9.1.2," 9.1.2 Kepuasan pelanggan"
MK.OA.01,pengurusan,9.1.2,"Pengurusan Syarikat menyediakan kaedah untuk mengukur kepuasan pelanggan tehadap perkhidmatan yang dibekalkan. Kepuasan pelanggan diukur melalui kaedah maklumbalas pelanggan, Audit dalaman dan hendaklah dibentangkan dalam Mesyuarat Kajian Semula Pengurusan."
MK.OA.01,ukur,9.1.2,"Pengurusan Syarikat menyediakan kaedah untuk mengukur kepuasan pelanggan tehadap perkhidmatan yang dibekalkan. Kepuasan pelanggan diukur melalui kaedah maklumbalas pelanggan, Audit dalaman dan hendaklah dibentangkan dalam Mesyuarat Kajian Semula Pengurusan."
MK.OA.01,pelanggan,9.1.2,"Pengurusan Syarikat menyediakan kaedah untuk mengukur kepuasan pelanggan tehadap perkhidmatan yang dibekalkan. Kepuasan pelanggan diukur melalui kaedah maklumbalas pelanggan, Audit dalaman dan hendaklah dibentangkan dalam Mesyuarat Kajian Semula Pengurusan."
MK.OA.01,audit,9.1.2,"Pengurusan Syarikat menyediakan kaedah untuk mengukur kepuasan pelanggan tehadap perkhidmatan yang dibekalkan. Kepuasan pelanggan diukur melalui kaedah maklumbalas pelanggan, Audit dalaman dan hendaklah dibentangkan dalam Mesyuarat Kajian Semula Pengurusan."
MK.OA.01,pengurusan,9.1.3,"Pengurusan Syarikat hendaklah mengenalpasti kaedah bagi menganalisis data yang berkaitan dalam menentukan pelaksanaan QMS sentiasa berkesan. Analisis data akan meliputi sumber-sumber bagi tindakan penambahbaikan ke atas QMS. Analisis data hendaklah menyalurkan maklumat-maklumat berikut:"
MK.OA.01,penambahbaikan,9.1.3,"Pengurusan Syarikat hendaklah mengenalpasti kaedah bagi menganalisis data yang berkaitan dalam menentukan pelaksanaan QMS sentiasa berkesan. Analisis data akan meliputi sumber-sumber bagi tindakan penambahbaikan ke atas QMS. Analisis data hendaklah menyalurkan maklumat-maklumat berikut:"
MK.OA.01,kesan,9.1.3,"Pengurusan Syarikat hendaklah mengenalpasti kaedah bagi menganalisis data yang berkaitan dalam menentukan pelaksanaan QMS sentiasa berkesan. Analisis data akan meliputi sumber-sumber bagi tindakan penambahbaikan ke atas QMS. Analisis data hendaklah menyalurkan maklumat-maklumat berikut:"
MK.OA.01,pelanggan,9.1.3,"b. tahap kepuasan pelanggan;"
MK.OA.01,pengurusan,9.1.3,"c. prestasi dan keberkesanan sistem pengurusan kualiti;"
MK.OA.01,prestasi,9.1.3,"c. prestasi dan keberkesanan sistem pengurusan kualiti;"
MK.OA.01,kesan,9.1.3,"c. prestasi dan keberkesanan sistem pengurusan kualiti;"
MK.OA.01,kesan,9.1.3,"d. sama ada perancangan telah dilaksanakan dengan berkesan;"
MK.OA.01,risiko,9.1.3,"e. keberkesanan tindakan yang diambil bagi menangani risiko dan peluang;"
MK.OA.01,kesan,9.1.3,"e. keberkesanan tindakan yang diambil bagi menangani risiko dan peluang;"
MK.OA.01,prestasi,9.1.3,"f. prestasi penyedia luar;"
MK.OA.01,pengurusan,9.1.3,"g. keperluan untuk menambah baik sistem pengurusan kualiti"
MK.OA.01,audit,9.2," 9.2 Audit dalaman"
MK.OA.01,pengurusan,9.2.1,"Pengurusan Syarikat akan melatih dan melantik Juru Audit dalaman untuk menjalankan Audit dalaman sekurang-kurangnya dua kali setahun untuk memastikan QMS memenuhi perkara-perkara berikut;"
MK.OA.01,audit,9.2.1,"Pengurusan Syarikat akan melatih dan melantik Juru Audit dalaman untuk menjalankan Audit dalaman sekurang-kurangnya dua kali setahun untuk memastikan QMS memenuhi perkara-perkara berikut;"
MK.OA.01,objektif,9.2.1,"a. Selaras dengan perancangan strategik dan objektif kualiti;"
MK.OA.01,kesan,9.2.1,"b. QMS dilaksana dan diselenggara dengan berkesan;"
MK.OA.01,audit,9.2.1,"e. Penemuan audit terdahulu diambil tindakan pembetulan yang berkesan."
MK.OA.01,kesan,9.2.1,"e. Penemuan audit terdahulu diambil tindakan pembetulan yang berkesan."
MK.OA.01,audit,9.2.2," 9.2.2 Keperluan Audit dalaman"
MK.OA.01,rekod,9.2.2,"Satu prosedur perlu didokumenkan bagi menjelaskan tanggungjawab-tanggungjawab, perancangan dan syarat-syarat menjalankan audit. Hasil laporan Audit dalaman hendaklah direkodkan."
MK.OA.01,tanggungjawab,9.2.2,"Satu prosedur perlu didokumenkan bagi menjelaskan tanggungjawab-tanggungjawab, perancangan dan syarat-syarat menjalankan audit. Hasil laporan Audit dalaman hendaklah direkodkan."
MK.OA.01,audit,9.2.2,"Satu prosedur perlu didokumenkan bagi menjelaskan tanggungjawab-tanggungjawab, perancangan dan syarat-syarat menjalankan audit. Hasil laporan Audit dalaman hendaklah direkodkan."
MK.OA.01,pengurusan,9.3," 9.3 Kajian semula pengurusan"
MK.OA.01,pengurusan,9.3.2,"Kajian Semula Pengurusan hendaklah meliputi: "
MK.OA.01,audit,9.3.2,"a. Penemuan audit;"
MK.OA.01,pengurusan,9.3.2,"b. Tindakan susulan daripada Kajian Semula Pengurusan yang lepas;"
MK.OA.01,pelanggan,9.3.2,"c. Maklumbalas pelanggan;"
MK.OA.01,prestasi,9.3.2,"d. Prestasi proses penyampaian perkhidmatan yang tidak memenuhi keperluan yang ditetapkan;"
MK.OA.01,perubahan,9.3.2,"f. Perubahan-perubahan yang boleh memberi kesan kepada QMS; dan"
MK.OA.01,kesan,9.3.2,"f. Perubahan-perubahan yang boleh memberi kesan kepada QMS; dan"
MK.OA.01,penambahbaikan,9.3.2,"g. Cadangan-cadangan untuk penambahbaikan."
MK.OA.01,pengurusan,9.3.3,"Hasil Kajian Semula Pengurusan akan meliputi keputusan dan tindakan yang merangkumi perkara-perkara berikut:"
MK.OA.01,penambahbaikan,9.3.3,"a. Penambahbaikan ke atas proses-proses terlibat;"
MK.OA.01,pelanggan,9.3.3,"b. Penambahbaikan perkhidmatan berkaitan dengan keperluan pelanggan; dan"
MK.OA.01,penambahbaikan,9.3.3,"b. Penambahbaikan perkhidmatan berkaitan dengan keperluan pelanggan; dan"
MK.OA.01,penambahbaikan,10.0,"10.0 Penambahbaikan"
MK.OA.01,ketakakuran,10.2,"10.2 Ketakakuran dan tindakan pembetulan"
MK.OA.01,pelanggan,10.2.1.1,"a. Kajian semula ketidakpatuhan (termasuk aduan pelanggan);"
MK.OA.01,rekod,10.2.1.1,"e. Merekodkan hasil-hasil tindakan yang telah diambil; dan"
MK.OA.01,kesan,10.2.1.1,"f. Kaji semula keberkesanan tindakan pembetulan yang telah diambil."
MK.OA.01,rekod,10.2.1.2,"d. Merekod semua keputusan berkaitan dengan tindakan pencegahan yang diambil; dan"
MK.OA.01,kesan,10.2.1.2,"e. Mengkaji keberkesanan tindakan pencegahan yang telah diambil."
MK.OA.01,ketakakuran,10.2.2,"10.2.2 Ketakakuran dan tindakan pembetulan didokumentasikan sebagai bukti"
MK.OA.01,pengurusan,10.2.2,"Pengurusan Syarikat hendaklah menyediakan prosedur untuk memantau dan mengukur ciri-ciri produk kepada pelanggan untuk memastikan keperluan-keperluan produk telah dipenuhi. Kriteria bagi produk akhir yang dimaksudkan merujuk kepada parameter-parameter berikut:"
MK.OA.01,ukur,10.2.2,"Pengurusan Syarikat hendaklah menyediakan prosedur untuk memantau dan mengukur ciri-ciri produk kepada pelanggan untuk memastikan keperluan-keperluan produk telah dipenuhi. Kriteria bagi produk akhir yang dimaksudkan merujuk kepada parameter-parameter berikut:"
MK.OA.01,pelanggan,10.2.2,"Pengurusan Syarikat hendaklah menyediakan prosedur untuk memantau dan mengukur ciri-ciri produk kepada pelanggan untuk memastikan keperluan-keperluan produk telah dipenuhi. Kriteria bagi produk akhir yang dimaksudkan merujuk kepada parameter-parameter berikut:"
MK.OA.01,objektif,10.2.2,"a. Mencapai objektif kualiti yang ditetapkan; dan"
MK.OA.01,pengurusan,10.2.2,"Pengurusan Syarikat akan mengenal pasti perubahan risiko dan keperluan tindakan pencegahan dengan memberi tumpuan kepada perubahan risiko yang signifikan. Keutamaan tindakan pencegahan yang dikenal pasti hendaklah berasaskan kepada hasil penilaian risiko."
MK.OA.01,perubahan,10.2.2,"Pengurusan Syarikat akan mengenal pasti perubahan risiko dan keperluan tindakan pencegahan dengan memberi tumpuan kepada perubahan risiko yang signifikan. Keutamaan tindakan pencegahan yang dikenal pasti hendaklah berasaskan kepada hasil penilaian risiko."
MK.OA.01,risiko,10.2.2,"Pengurusan Syarikat akan mengenal pasti perubahan risiko dan keperluan tindakan pencegahan dengan memberi tumpuan kepada perubahan risiko yang signifikan. Keutamaan tindakan pencegahan yang dikenal pasti hendaklah berasaskan kepada hasil penilaian risiko."
MK.OA.01,penambahbaikan,10.3,"10.3 Penambahbaikan berterusan"
MK.OA.01,pengurusan,10.3,"Pengurusan Syarikat hendaklah sentiasa menambahbaik keberkesanan QMS dengan berasaskan sumber-sumber berikut;"
MK.OA.01,kesan,10.3,"Pengurusan Syarikat hendaklah sentiasa menambahbaik keberkesanan QMS dengan berasaskan sumber-sumber berikut;"
MK.OA.01,dasar,10.3,"a. Dasar Kualiti;"
MK.OA.01,objektif,10.3,"b. Objektif Kualiti;"
MK.OA.01,audit,10.3,"c. Laporan Audit dalaman;"
MK.OA.01,pengurusan,10.3,"g. Kajian Semula Pengurusan."
MK.OA.01,senarai,1:,"E. Senarai Induk Dokumen Kualiti (Wajib)"
MK.OA.01,senarai,1:,"F. Senarai Induk Dokumen Kualiti (Sokongan)"
MK.OA.01,operasi,1:,"G. Senarai Induk Dokumen Kualiti (Operasi)"
MK.OA.01,senarai,1:,"G. Senarai Induk Dokumen Kualiti (Operasi)"
MK.OA.01,pengurusan,1:,"H. Penilaian dan pengurusan risiko"
MK.OA.01,risiko,1:,"H. Penilaian dan pengurusan risiko"
MK.OA.01,pengurusan,2:,"Jadual 2: Penilaian dan pengurusan risiko"
MK.OA.01,risiko,2:,"Jadual 2: Penilaian dan pengurusan risiko"
MK.OA.01,objektif,3:,"Jadual 3: Objektif kualiti dan pengukuran"
MK.OA.01,ukur,3:,"Jadual 3: Objektif kualiti dan pengukuran"
MK.OA.01,ukur,4:,"Jadual 4: Kriteria pengukuran"
